customer_id,gender,senior_citizen,partner,dependents,tenure_months,internet_service,contract,monthly_charges,total_charges,payment_method,paperless_billing,tech_support,device_protection,churn
CUST100000,Male,0,Yes,Yes,52,Fiber optic,Month-to-month,69.19,3649.55,Electronic check,No,Yes,Yes,No
CUST100001,Female,0,No,No,15,Fiber optic,Month-to-month,88.03,1228.06,Mailed check,Yes,No,No,No
CUST100002,Female,0,Yes,Yes,72,Fiber optic,Month-to-month,87.08,6331.82,Mailed check,No,Yes,No,No
CUST100003,Female,0,Yes,No,61,No,Month-to-month,67.76,4099.13,Electronic check,Yes,Yes,No internet,Yes
CUST100004,Female,0,Yes,No,21,DSL,Two year,53.27,1028.23,Electronic check,Yes,Yes,Yes,No
CUST100005,Male,0,Yes,No,24,DSL,One year,80.54,1943.91,Credit card,Yes,Yes,No,No
CUST100006,Male,0,Yes,No,3,Fiber optic,One year,73.96,149.67,Bank transfer,No,No,Yes,Yes
CUST100007,Male,0,No,No,22,DSL,One year,58.13,1186.36,Bank transfer,Yes,Yes,No,No
CUST100008,Female,0,Yes,No,53,Fiber optic,Month-to-month,50.94,2722.78,Bank transfer,No,Yes,Yes,No
CUST100009,Male,0,Yes,No,2,Fiber optic,Two year,82.26,197.75,Bank transfer,No,No,Yes,No
CUST100010,Female,0,Yes,Yes,30,DSL,Month-to-month,85.75,2543.27,Credit card,No,No,No internet,Yes
CUST100011,Female,0,No,No,38,Fiber optic,Month-to-month,63.0,2415.98,Bank transfer,Yes,No,No,No
CUST100012,Female,0,No,Yes,2,No,One year,57.5,206.33,Electronic check,No,Yes,Yes,No
CUST100013,Male,0,No,No,64,Fiber optic,Month-to-month,51.24,3345.93,Bank transfer,No,No,No,Yes
CUST100014,Female,1,Yes,No,60,No,One year,81.56,4827.51,Mailed check,No,Yes,No,No
CUST100015,Female,0,No,No,21,DSL,Month-to-month,51.9,1092.14,Bank transfer,No,Yes,Yes,Yes
CUST100016,Female,1,Yes,No,33,DSL,One year,128.03,4169.07,Mailed check,Yes,No,No,No
CUST100017,Male,0,No,No,58,Fiber optic,Month-to-month,61.74,3468.89,Credit card,Yes,No internet,No,No
CUST100018,Female,1,No,No,22,Fiber optic,Month-to-month,20.0,491.41,Bank transfer,No,No,Yes,No
CUST100019,Male,0,Yes,No,49,No,One year,71.25,3571.46,Electronic check,Yes,Yes,No internet,No
CUST100020,Male,1,Yes,Yes,59,Fiber optic,Month-to-month,70.17,4102.1,Electronic check,No,No internet,No,No
CUST100021,Female,1,Yes,No,42,DSL,Month-to-month,99.79,4209.97,Mailed check,No,Yes,No internet,Yes
CUST100022,Female,0,No,Yes,60,No,Month-to-month,79.2,4875.77,Electronic check,No,No internet,No,No
CUST100023,Male,1,No,Yes,15,Fiber optic,One year,51.15,849.25,Electronic check,No,No,No,No
CUST100024,Male,0,No,No,62,DSL,One year,64.84,3973.18,Mailed check,Yes,No,Yes,No
CUST100025,Male,0,No,Yes,62,DSL,Month-to-month,80.19,4965.41,Mailed check,No,No,No,No
CUST100026,Male,0,Yes,No,47,Fiber optic,Two year,20.0,883.35,Credit card,Yes,No internet,No,Yes
CUST100027,Female,1,No,Yes,62,Fiber optic,Two year,105.47,6557.48,Electronic check,Yes,No internet,Yes,No
CUST100028,Female,0,Yes,No,51,Fiber optic,One year,51.22,2615.46,Electronic check,No,No,No,No
CUST100029,Male,0,Yes,No,55,Fiber optic,One year,107.43,5816.42,Electronic check,Yes,No,Yes,Yes
CUST100030,Male,0,Yes,No,64,DSL,Month-to-month,81.81,5199.36,Mailed check,No,No,No,No
CUST100031,Male,1,Yes,Yes,3,Fiber optic,One year,87.74,98.02,Electronic check,Yes,No,No internet,Yes
CUST100032,Female,0,No,Yes,51,No,Month-to-month,100.74,5054.63,Bank transfer,No,No,No,No
CUST100033,Male,1,No,No,7,Fiber optic,Month-to-month,86.33,637.33,Electronic check,Yes,Yes,Yes,Yes
CUST100034,Male,0,Yes,No,21,DSL,Two year,88.82,1876.68,Bank transfer,No,Yes,No,Yes
CUST100035,Male,0,No,Yes,39,DSL,One year,67.89,2723.46,Credit card,No,No internet,No,No
CUST100036,Male,0,Yes,Yes,18,Fiber optic,Month-to-month,81.3,1467.62,Electronic check,No,No internet,No internet,No
CUST100037,Male,0,Yes,No,4,Fiber optic,Month-to-month,57.31,213.55,Mailed check,Yes,Yes,Yes,Yes
CUST100038,Male,0,Yes,No,60,DSL,One year,63.41,3953.23,Mailed check,No,Yes,No,No
CUST100039,Male,0,Yes,Yes,14,No,Month-to-month,121.12,1668.54,Credit card,Yes,No internet,Yes,Yes
CUST100040,Male,0,Yes,Yes,9,Fiber optic,Month-to-month,51.8,435.39,Mailed check,No,No,No,No
CUST100041,Female,0,Yes,No,53,Fiber optic,Month-to-month,75.86,4024.55,Bank transfer,Yes,No,No internet,No
CUST100042,Female,0,No,Yes,2,Fiber optic,Month-to-month,74.84,87.46,Credit card,Yes,Yes,No internet,No
CUST100043,Female,0,Yes,No,60,Fiber optic,One year,64.23,3874.36,Bank transfer,Yes,No internet,No,No
CUST100044,Male,0,No,Yes,71,DSL,Month-to-month,84.86,5967.11,Mailed check,Yes,Yes,No,No
CUST100045,Female,0,Yes,No,44,DSL,One year,86.74,3782.05,Electronic check,No,Yes,No internet,No
CUST100046,Male,0,Yes,No,8,Fiber optic,Month-to-month,48.85,331.18,Bank transfer,Yes,Yes,No,Yes
CUST100047,Female,0,No,Yes,47,No,One year,74.53,3360.69,Credit card,No,No internet,Yes,No
CUST100048,Male,1,No,No,35,Fiber optic,Two year,44.94,1379.6,Credit card,Yes,No,No internet,No
CUST100049,Female,0,No,Yes,36,DSL,One year,91.71,3187.66,Credit card,No,No,No,No
CUST100050,Female,1,Yes,No,50,Fiber optic,Two year,76.41,3911.79,Credit card,Yes,No,No,No
CUST100051,Male,0,Yes,Yes,4,Fiber optic,Two year,74.06,302.25,Bank transfer,Yes,No internet,Yes,No
CUST100052,Female,1,Yes,No,2,Fiber optic,Month-to-month,88.48,138.55,Credit card,No,No,Yes,No
CUST100053,Female,0,Yes,No,6,Fiber optic,One year,65.11,307.49,Mailed check,No,No,No,No
CUST100054,Female,0,No,Yes,54,DSL,Two year,94.85,5222.79,Bank transfer,Yes,No internet,No,No
CUST100055,Female,1,Yes,Yes,4,DSL,Month-to-month,48.29,141.83,Mailed check,Yes,No,No,No
CUST100056,Male,0,Yes,No,54,Fiber optic,Month-to-month,107.3,5726.59,Electronic check,Yes,No,Yes,Yes
CUST100057,Male,0,No,No,63,DSL,Two year,58.23,3517.14,Bank transfer,Yes,No internet,No,No
CUST100058,Male,0,No,No,18,Fiber optic,One year,29.6,354.32,Mailed check,No,No,No,No
CUST100059,Male,0,Yes,No,44,DSL,Month-to-month,63.79,2843.67,Electronic check,Yes,No,No,No
CUST100060,Male,1,Yes,Yes,34,Fiber optic,Month-to-month,60.95,2207.21,Electronic check,Yes,Yes,No internet,No
CUST100061,Female,1,Yes,No,62,Fiber optic,One year,63.6,3966.91,Credit card,Yes,No,Yes,No
CUST100062,Male,0,Yes,Yes,14,Fiber optic,Month-to-month,77.79,1111.71,Bank transfer,Yes,No,No internet,No
CUST100063,Male,0,No,No,48,DSL,One year,99.45,4917.31,Bank transfer,No,Yes,No,No
CUST100064,Male,1,Yes,No,15,DSL,One year,67.21,1048.22,Mailed check,No,No internet,Yes,No
CUST100065,Male,1,No,No,72,Fiber optic,One year,54.71,3938.5,Mailed check,Yes,Yes,Yes,Yes
CUST100066,Male,0,Yes,No,62,Fiber optic,Month-to-month,43.84,2762.84,Electronic check,Yes,No,No,Yes
CUST100067,Male,0,No,No,40,Fiber optic,One year,60.3,2484.23,Mailed check,Yes,No,No internet,No
CUST100068,Female,0,Yes,No,53,DSL,One year,24.8,1355.16,Credit card,No,No,No internet,No
CUST100069,Female,1,No,Yes,24,DSL,One year,53.87,1254.03,Mailed check,Yes,Yes,No,Yes
CUST100070,Male,0,No,No,26,Fiber optic,Month-to-month,103.1,2713.12,Mailed check,Yes,No,Yes,Yes
CUST100071,Male,0,No,Yes,60,Fiber optic,Month-to-month,51.42,3029.76,Electronic check,Yes,Yes,Yes,Yes
CUST100072,Male,0,No,Yes,41,DSL,Two year,87.72,3594.04,Mailed check,No,Yes,Yes,No
CUST100073,Female,1,No,No,29,Fiber optic,Month-to-month,41.34,1230.64,Electronic check,No,Yes,Yes,Yes
CUST100074,Male,1,Yes,Yes,15,Fiber optic,Month-to-month,116.28,1891.3,Bank transfer,Yes,Yes,No,No
CUST100075,Female,0,No,No,45,Fiber optic,Month-to-month,117.94,5342.39,Mailed check,Yes,Yes,No,No
CUST100076,Female,0,No,No,65,Fiber optic,Two year,86.78,5642.01,Credit card,No,No,No,No
CUST100077,Male,1,No,No,71,DSL,Month-to-month,121.78,8614.34,Bank transfer,Yes,No internet,Yes,No
CUST100078,Female,0,No,Yes,9,DSL,Month-to-month,80.89,,Electronic check,Yes,No,Yes,Yes
CUST100079,Female,0,Yes,Yes,1,Fiber optic,Month-to-month,91.21,91.21,Mailed check,No,No,No,Yes
CUST100080,Male,0,Yes,No,8,DSL,One year,103.55,831.62,Bank transfer,No,No,No internet,No
CUST100081,Female,0,No,No,63,Fiber optic,Month-to-month,76.49,4892.14,Electronic check,No,No,No internet,Yes
CUST100082,Female,0,No,No,11,DSL,Month-to-month,33.19,263.14,Bank transfer,Yes,No,Yes,Yes
CUST100083,Male,0,Yes,No,8,DSL,Month-to-month,91.72,795.05,Credit card,Yes,No,No,Yes
CUST100084,Male,0,Yes,No,35,DSL,Two year,60.2,2061.78,Electronic check,Yes,Yes,No,No
CUST100085,Female,1,No,Yes,35,Fiber optic,Month-to-month,62.06,2116.02,Bank transfer,No,Yes,No,Yes
CUST100086,Male,0,No,No,33,Fiber optic,Month-to-month,79.45,2662.71,Credit card,No,No,Yes,No
CUST100087,Male,0,No,No,5,Fiber optic,Month-to-month,86.16,400.79,Mailed check,No,No,No,Yes
CUST100088,Male,0,No,No,41,DSL,Two year,75.75,3143.86,Bank transfer,No,No internet,Yes,No
CUST100089,Male,0,No,No,28,Fiber optic,One year,87.89,2491.97,Electronic check,No,Yes,No,Yes
CUST100090,Female,1,No,No,7,No,Two year,54.33,444.77,Electronic check,Yes,Yes,No,No
CUST100091,Male,0,No,No,72,No,Two year,70.93,5212.43,Bank transfer,Yes,No,No,No
CUST100092,Male,0,Yes,Yes,12,DSL,Month-to-month,93.23,981.16,Bank transfer,Yes,No internet,No,No
CUST100093,Male,0,Yes,Yes,34,No,One year,116.32,3971.24,Credit card,Yes,No,No,No
CUST100094,Male,0,Yes,No,33,Fiber optic,Month-to-month,125.16,4071.1,Electronic check,Yes,No,Yes,Yes
CUST100095,Female,0,Yes,No,48,Fiber optic,One year,82.82,4008.8,Mailed check,No,Yes,No,No
CUST100096,Female,0,No,No,23,Fiber optic,Month-to-month,93.0,2026.56,Electronic check,Yes,No,No internet,Yes
CUST100097,Female,0,No,Yes,62,DSL,Month-to-month,121.54,7539.56,Electronic check,No,No,Yes,Yes
CUST100098,Female,0,No,No,37,Fiber optic,Two year,55.23,1892.94,Mailed check,No,No internet,No,No
CUST100099,Female,0,Yes,Yes,44,No,Month-to-month,87.74,3864.04,Mailed check,Yes,Yes,Yes,No
CUST100100,Male,0,Yes,Yes,35,Fiber optic,Two year,91.21,3192.8,Electronic check,Yes,No,No,No
CUST100101,Female,0,Yes,No,65,Fiber optic,Month-to-month,108.2,6979.2,Electronic check,Yes,No,Yes,No
CUST100102,Male,0,No,Yes,47,DSL,Month-to-month,43.57,2016.28,Mailed check,Yes,Yes,No,No
CUST100103,Female,1,No,Yes,3,Fiber optic,Two year,48.51,115.94,Credit card,Yes,No,No,No
CUST100104,Male,0,Yes,No,1,Fiber optic,One year,72.53,72.53,Credit card,No,No,Yes,No
CUST100105,Female,0,Yes,No,5,DSL,One year,81.44,303.48,Electronic check,No,Yes,No,No
CUST100106,Male,1,No,Yes,14,Fiber optic,Month-to-month,100.07,1416.03,Credit card,Yes,No,No,Yes
CUST100107,Female,0,Yes,No,27,Fiber optic,Month-to-month,84.94,2378.83,Bank transfer,Yes,Yes,No,No
CUST100108,Male,0,No,No,9,Fiber optic,One year,68.21,676.83,Credit card,No,No internet,Yes,No
CUST100109,Female,1,Yes,No,15,DSL,One year,82.41,1073.83,Mailed check,Yes,No,No,No
CUST100110,Male,0,No,No,42,No,Month-to-month,79.53,3439.46,Mailed check,Yes,No,Yes,Yes
CUST100111,Female,0,Yes,Yes,51,DSL,Two year,115.63,6001.21,Credit card,No,Yes,Yes,No
CUST100112,Male,0,Yes,No,63,Fiber optic,One year,76.14,4737.06,Electronic check,Yes,No internet,No,No
CUST100113,Male,0,Yes,Yes,52,Fiber optic,Two year,62.42,3187.62,Credit card,No,No,No,No
CUST100114,Female,0,Yes,No,4,Fiber optic,One year,83.24,291.55,Credit card,Yes,Yes,Yes,No
CUST100115,Male,0,No,Yes,23,No,One year,76.96,1796.62,Credit card,Yes,No,Yes,No
CUST100116,Female,0,No,No,15,Fiber optic,Month-to-month,32.73,466.67,Electronic check,Yes,Yes,Yes,No
CUST100117,Male,0,No,No,43,Fiber optic,Month-to-month,71.61,3110.36,Electronic check,No,No internet,No,No
CUST100118,Male,0,No,No,29,DSL,Two year,69.48,1910.74,Electronic check,No,No internet,No,No
CUST100119,Female,1,No,Yes,36,No,Month-to-month,58.4,2016.66,Credit card,Yes,No internet,No,Yes
CUST100120,Male,0,No,No,13,Fiber optic,Month-to-month,97.89,1202.52,Electronic check,No,No,No,Yes
CUST100121,Male,0,Yes,Yes,32,Fiber optic,Month-to-month,52.36,1610.17,Bank transfer,Yes,No,No internet,No
CUST100122,Male,0,No,No,71,Fiber optic,Month-to-month,83.39,5954.88,Mailed check,Yes,Yes,No internet,Yes
CUST100123,Female,0,No,No,59,Fiber optic,Two year,68.3,4049.36,Mailed check,Yes,Yes,No internet,No
CUST100124,Female,0,Yes,Yes,28,DSL,Two year,74.69,2143.99,Electronic check,Yes,Yes,No,No
CUST100125,Male,0,Yes,No,66,DSL,Month-to-month,82.29,5517.67,Mailed check,Yes,No,Yes,No
CUST100126,Female,0,Yes,No,42,DSL,Month-to-month,39.31,1682.57,Credit card,Yes,No internet,Yes,No
CUST100127,Female,1,Yes,No,45,Fiber optic,One year,76.79,3312.97,Electronic check,No,No internet,No,No
CUST100128,Female,0,No,No,62,Fiber optic,One year,129.22,7978.21,Credit card,No,Yes,Yes,Yes
CUST100129,Male,0,No,Yes,57,Fiber optic,Two year,33.08,1862.93,Bank transfer,No,No,Yes,No
CUST100130,Female,0,Yes,No,6,Fiber optic,One year,70.56,443.99,Bank transfer,Yes,No,Yes,No
CUST100131,Male,0,No,Yes,28,DSL,Month-to-month,100.08,2726.76,Bank transfer,No,No,No,No
CUST100132,Female,1,Yes,Yes,28,Fiber optic,Month-to-month,79.54,2345.52,Electronic check,Yes,No,No,Yes
CUST100133,Male,0,No,No,44,Fiber optic,Two year,89.2,3892.69,Mailed check,No,No,Yes,No
CUST100134,Male,1,Yes,No,30,Fiber optic,One year,20.0,573.54,Credit card,No,No internet,No,No
CUST100135,Male,0,Yes,Yes,62,Fiber optic,One year,86.96,5375.87,Electronic check,No,No,No internet,No
CUST100136,Male,0,Yes,Yes,62,Fiber optic,Month-to-month,52.96,3242.28,Mailed check,Yes,No,No,No
CUST100137,Female,0,No,No,1,DSL,One year,79.75,79.75,Electronic check,Yes,Yes,No,Yes
CUST100138,Female,0,Yes,No,27,Fiber optic,One year,71.26,2023.31,Bank transfer,No,Yes,Yes,No
CUST100139,Female,0,Yes,No,62,DSL,Month-to-month,128.96,7944.74,Mailed check,Yes,No,Yes,No
CUST100140,Female,1,No,No,3,Fiber optic,Month-to-month,85.67,307.4,Mailed check,No,No,No,No
CUST100141,Female,0,Yes,Yes,70,Fiber optic,Month-to-month,69.18,4808.57,Electronic check,Yes,No internet,No,No
CUST100142,Male,1,No,No,72,No,Month-to-month,34.26,2416.39,Credit card,Yes,No,No internet,No
CUST100143,Male,1,No,No,27,Fiber optic,Month-to-month,75.03,1926.21,Electronic check,No,No,No,No
CUST100144,Female,0,No,Yes,9,DSL,Month-to-month,92.58,690.7,Bank transfer,Yes,No,No,No
CUST100145,Female,1,Yes,Yes,62,Fiber optic,One year,69.99,4303.75,Bank transfer,Yes,Yes,No,No
CUST100146,Female,0,No,Yes,37,DSL,Month-to-month,59.36,2157.3,Credit card,Yes,No,Yes,No
CUST100147,Male,0,Yes,No,51,DSL,Month-to-month,57.69,3057.09,Electronic check,No,No,Yes,No
CUST100148,Male,0,Yes,No,44,No,Two year,85.38,3762.46,Bank transfer,Yes,Yes,No,No
CUST100149,Male,0,Yes,No,24,DSL,One year,90.98,2274.84,Mailed check,Yes,Yes,No,No
CUST100150,Female,1,No,Yes,59,DSL,One year,106.03,6135.62,Mailed check,No,No,No internet,No
CUST100151,Male,0,No,Yes,32,Fiber optic,Month-to-month,47.13,1512.31,Bank transfer,Yes,Yes,No,No
CUST100152,Female,0,No,Yes,52,DSL,One year,85.15,4471.86,Credit card,Yes,No internet,No internet,No
CUST100153,Female,0,No,Yes,62,DSL,Month-to-month,68.96,4284.5,Bank transfer,Yes,No,Yes,No
CUST100154,Male,0,Yes,No,58,Fiber optic,Two year,69.69,4054.03,Credit card,Yes,Yes,Yes,No
CUST100155,Female,0,Yes,No,52,Fiber optic,Month-to-month,82.05,4246.64,Electronic check,Yes,Yes,No,Yes
CUST100156,Female,0,No,No,12,DSL,One year,82.19,890.73,Credit card,No,No internet,No,No
CUST100157,Male,0,No,Yes,39,DSL,Month-to-month,85.22,3214.26,Electronic check,No,No,Yes,No
CUST100158,Male,0,Yes,No,2,Fiber optic,One year,45.56,147.65,Bank transfer,Yes,No,No,No
CUST100159,Female,0,No,No,3,No,Month-to-month,53.25,106.9,Bank transfer,Yes,Yes,No,No
CUST100160,Female,0,Yes,No,56,Fiber optic,Month-to-month,109.15,6078.29,Mailed check,Yes,No internet,No,Yes
CUST100161,Female,0,No,No,59,Fiber optic,Month-to-month,66.49,3870.04,Electronic check,Yes,No,No,No
CUST100162,Female,1,Yes,Yes,2,DSL,One year,79.65,87.83,Mailed check,No,No,No,No
CUST100163,Female,0,Yes,No,2,Fiber optic,Two year,98.37,98.37,Electronic check,Yes,No internet,No,No
CUST100164,Female,0,Yes,Yes,54,DSL,Two year,83.59,4636.74,Mailed check,No,Yes,No internet,No
CUST100165,Female,0,No,No,1,Fiber optic,Month-to-month,85.66,85.66,Electronic check,Yes,No,No,No
CUST100166,Female,0,Yes,No,19,Fiber optic,Month-to-month,94.36,1847.87,Bank transfer,Yes,Yes,Yes,Yes
CUST100167,Female,0,Yes,No,2,Fiber optic,Two year,20.0,127.11,Electronic check,Yes,No,No,No
CUST100168,Male,1,No,Yes,53,No,Month-to-month,59.75,3178.07,Electronic check,Yes,Yes,No,No
CUST100169,Female,0,No,No,44,Fiber optic,One year,83.72,3669.68,Electronic check,No,No internet,Yes,Yes
CUST100170,Male,1,Yes,No,32,Fiber optic,Two year,106.69,3432.71,Mailed check,Yes,No,Yes,No
CUST100171,Female,1,No,No,70,Fiber optic,Two year,73.65,5123.57,Credit card,Yes,No,Yes,No
CUST100172,Male,1,No,No,32,Fiber optic,Month-to-month,50.88,1706.77,Credit card,Yes,No internet,Yes,Yes
CUST100173,Male,0,No,No,68,Fiber optic,Month-to-month,51.55,3594.96,Electronic check,No,No internet,No,Yes
CUST100174,Female,1,Yes,No,55,Fiber optic,Month-to-month,94.1,5218.89,Bank transfer,No,No,No,No
CUST100175,Male,0,Yes,Yes,56,DSL,One year,66.56,3595.3,Bank transfer,Yes,No,Yes,No
CUST100176,Male,0,Yes,Yes,17,Fiber optic,Month-to-month,71.82,1274.95,Mailed check,No,Yes,No,No
CUST100177,Male,0,Yes,No,38,DSL,Month-to-month,87.38,3423.12,Bank transfer,Yes,Yes,No,No
CUST100178,Male,0,Yes,Yes,24,DSL,Month-to-month,20.0,528.66,Electronic check,No,No,Yes,No
CUST100179,Female,0,Yes,Yes,69,Fiber optic,Month-to-month,122.01,8497.5,Mailed check,No,Yes,No,Yes
CUST100180,Male,0,Yes,Yes,70,Fiber optic,One year,53.72,3702.05,Mailed check,Yes,No,No,No
CUST100181,Female,1,Yes,No,11,DSL,One year,78.05,820.62,Electronic check,Yes,Yes,No internet,Yes
CUST100182,Male,0,No,No,16,DSL,Month-to-month,29.38,574.91,Bank transfer,No,No,Yes,No
CUST100183,Male,0,Yes,Yes,59,Fiber optic,Month-to-month,61.44,3678.22,Mailed check,Yes,No,No,No
CUST100184,Female,0,Yes,Yes,70,No,Two year,103.12,7198.62,Electronic check,No,Yes,No,No
CUST100185,Male,1,No,No,3,Fiber optic,Month-to-month,24.1,50.55,Mailed check,Yes,Yes,No,No
CUST100186,Female,0,No,No,20,Fiber optic,One year,100.16,2004.75,Credit card,Yes,No,No internet,Yes
CUST100187,Female,0,Yes,No,59,Fiber optic,Two year,65.16,3820.59,Credit card,No,No,No,No
CUST100188,Female,0,No,No,36,No,Month-to-month,84.18,3030.93,Bank transfer,Yes,No,No,No
CUST100189,Male,0,No,No,19,DSL,One year,88.44,1931.82,Mailed check,Yes,No,No,Yes
CUST100190,Male,0,No,No,67,DSL,Two year,83.04,5507.38,Bank transfer,Yes,Yes,No internet,No
CUST100191,Female,0,No,No,19,Fiber optic,Month-to-month,50.38,813.73,Mailed check,Yes,Yes,No internet,No
CUST100192,Female,0,Yes,No,20,DSL,Month-to-month,62.89,1204.79,Electronic check,Yes,Yes,No internet,Yes
CUST100193,Male,0,No,No,71,Fiber optic,Month-to-month,35.46,2562.01,Mailed check,No,No,Yes,No
CUST100194,Male,1,No,No,52,DSL,Month-to-month,84.29,4431.23,Mailed check,No,No,No,Yes
CUST100195,Female,0,No,No,33,Fiber optic,Two year,114.55,3694.09,Bank transfer,No,Yes,No,No
CUST100196,Male,0,Yes,No,40,Fiber optic,Two year,26.39,1025.47,Credit card,No,,No,No
CUST100197,Female,0,Yes,No,39,Fiber optic,One year,52.96,2134.7,Credit card,No,No,Yes,No
CUST100198,Male,0,Yes,No,1,No,Month-to-month,67.46,67.46,Electronic check,No,No internet,No,No
CUST100199,Female,1,Yes,No,11,Fiber optic,Month-to-month,76.33,757.7,Electronic check,No,No,No,No
CUST100200,Male,0,No,No,57,Fiber optic,One year,93.98,5291.76,Electronic check,Yes,No,No,No
CUST100201,Male,0,Yes,No,50,Fiber optic,Month-to-month,68.2,3522.64,Bank transfer,Yes,No,No,No
CUST100202,Male,0,Yes,No,23,No,One year,64.1,1438.01,Bank transfer,Yes,No internet,No,No
CUST100203,Male,0,Yes,Yes,31,No,Month-to-month,99.58,3091.19,Credit card,No,No internet,No,No
CUST100204,Female,0,No,No,42,DSL,One year,88.55,3591.2,Mailed check,Yes,No,No,No
CUST100205,Male,1,No,Yes,7,Fiber optic,One year,85.47,579.33,Credit card,Yes,No,No,No
CUST100206,Female,1,Yes,No,16,Fiber optic,Month-to-month,74.81,1422.88,Bank transfer,Yes,No,Yes,Yes
CUST100207,Female,0,No,Yes,60,No,Month-to-month,96.58,5937.95,Credit card,No,No,No,No
CUST100208,Female,0,No,No,2,Fiber optic,Month-to-month,55.59,131.52,Bank transfer,No,No,Yes,No
CUST100209,Male,0,Yes,No,1,Fiber optic,Month-to-month,52.18,181.39,Bank transfer,Yes,Yes,Yes,Yes
CUST100210,Female,0,No,No,48,Fiber optic,One year,90.65,4399.48,Bank transfer,No,No internet,No,No
CUST100211,Female,0,Yes,Yes,12,No,One year,31.37,562.51,Bank transfer,No,No,Yes,No
CUST100212,Female,0,No,No,69,Fiber optic,One year,74.3,5180.06,Mailed check,Yes,No,No internet,No
CUST100213,Female,0,Yes,Yes,37,DSL,Two year,64.09,2478.53,Electronic check,Yes,No,No,No
CUST100214,Female,1,No,No,32,DSL,Month-to-month,36.86,1010.5,Electronic check,Yes,No,No,No
CUST100215,Male,0,Yes,Yes,9,Fiber optic,Month-to-month,48.72,469.37,Mailed check,Yes,Yes,Yes,No
CUST100216,Male,0,No,Yes,19,Fiber optic,Month-to-month,69.28,1267.26,Bank transfer,No,No,Yes,No
CUST100217,Male,0,Yes,Yes,48,No,One year,97.85,4741.68,Electronic check,No,No,No,No
CUST100218,Male,0,Yes,Yes,3,No,Month-to-month,55.68,208.85,Electronic check,No,No,No internet,No
CUST100219,Male,0,No,No,20,DSL,Two year,102.33,2157.3,Electronic check,Yes,No internet,Yes,No
CUST100220,Male,0,Yes,No,24,DSL,Month-to-month,73.58,1849.5,Bank transfer,No,Yes,No,No
CUST100221,Female,0,Yes,No,54,Fiber optic,Two year,104.76,5544.29,Electronic check,Yes,No,Yes,No
CUST100222,Female,0,No,No,33,No,Two year,56.89,1729.31,Electronic check,Yes,Yes,No,No
CUST100223,Female,0,No,No,24,Fiber optic,Month-to-month,70.78,1682.31,Electronic check,Yes,No internet,No,Yes
CUST100224,Male,1,No,No,72,DSL,Month-to-month,81.21,5907.19,Electronic check,No,Yes,Yes,No
CUST100225,Female,0,No,Yes,36,No,One year,67.51,2481.09,Credit card,No,No,No,Yes
CUST100226,Female,0,Yes,No,38,DSL,Month-to-month,95.83,3646.91,Electronic check,Yes,Yes,No internet,Yes
CUST100227,Male,0,No,No,25,DSL,Month-to-month,20.0,549.13,Bank transfer,No,No,No,No
CUST100228,Male,0,Yes,No,18,DSL,One year,132.56,2451.87,Bank transfer,Yes,No internet,Yes,No
CUST100229,Male,0,No,Yes,66,Fiber optic,Month-to-month,93.44,6172.5,Credit card,Yes,Yes,Yes,No
CUST100230,Male,1,No,No,54,DSL,One year,67.66,3703.37,Electronic check,Yes,No,No internet,No
CUST100231,Male,0,No,No,35,Fiber optic,One year,58.19,2093.45,Electronic check,Yes,Yes,No,No
CUST100232,Female,1,No,Yes,61,DSL,Month-to-month,50.34,3067.95,Electronic check,No,No,No,No
CUST100233,Female,0,Yes,No,41,Fiber optic,Month-to-month,88.14,3732.09,Electronic check,No,No,Yes,No
CUST100234,Male,0,No,Yes,33,Fiber optic,Month-to-month,96.87,3100.83,Bank transfer,Yes,No,No internet,Yes
CUST100235,Male,0,Yes,Yes,68,DSL,One year,67.94,4751.96,Electronic check,Yes,No,No,No
CUST100236,Male,0,No,No,33,No,Month-to-month,99.67,3372.72,Electronic check,No,No,Yes,Yes
CUST100237,Male,0,No,Yes,14,Fiber optic,Two year,49.32,863.22,Credit card,Yes,Yes,Yes,No
CUST100238,Male,0,No,Yes,21,DSL,Month-to-month,44.9,821.37,Bank transfer,Yes,No,No internet,No
CUST100239,Female,0,No,No,48,DSL,Month-to-month,117.33,5603.74,Electronic check,Yes,Yes,No,No
CUST100240,Female,0,No,No,20,No,Month-to-month,86.78,1774.18,Electronic check,Yes,No,Yes,Yes
CUST100241,Male,0,No,No,8,Fiber optic,Month-to-month,106.92,876.01,Electronic check,Yes,No,No,No
CUST100242,Male,0,Yes,Yes,7,DSL,Month-to-month,50.65,319.99,Credit card,Yes,Yes,No,No
CUST100243,Male,1,Yes,No,67,No,One year,48.91,,Credit card,Yes,Yes,No,No
CUST100244,Male,0,Yes,Yes,17,Fiber optic,Month-to-month,63.03,1171.18,Credit card,Yes,Yes,Yes,No
CUST100245,Female,0,No,No,33,No,Month-to-month,51.4,1707.48,Credit card,Yes,No internet,No,Yes
CUST100246,Male,0,No,Yes,48,No,Month-to-month,89.63,4193.06,Mailed check,No,No,Yes,No
CUST100247,Male,0,Yes,No,59,No,One year,53.22,3304.36,Electronic check,No,No,Yes,Yes
CUST100248,Male,0,Yes,No,22,Fiber optic,One year,42.71,862.91,Mailed check,Yes,No,Yes,No
CUST100249,Female,0,No,No,30,Fiber optic,Month-to-month,75.55,2169.06,Bank transfer,Yes,Yes,Yes,Yes
CUST100250,Female,0,No,Yes,38,No,Two year,39.75,1452.46,Credit card,Yes,No,Yes,No
CUST100251,Male,0,No,No,51,Fiber optic,Month-to-month,27.01,1328.33,Mailed check,Yes,No,No,No
CUST100252,Male,0,Yes,Yes,54,DSL,One year,75.33,4089.87,Mailed check,No,No,No,Yes
CUST100253,Female,1,Yes,No,8,Fiber optic,Month-to-month,28.27,434.96,Credit card,Yes,No internet,Yes,Yes
CUST100254,Male,1,No,Yes,27,Fiber optic,Month-to-month,91.38,2395.66,Electronic check,Yes,No,No,Yes
CUST100255,Female,1,No,Yes,27,Fiber optic,Two year,37.12,1089.78,Credit card,Yes,Yes,No,No
CUST100256,Male,0,No,No,21,DSL,Month-to-month,20.0,576.08,Electronic check,Yes,No,Yes,Yes
CUST100257,Female,1,No,Yes,30,Fiber optic,One year,64.66,1905.9,Mailed check,Yes,No,Yes,No
CUST100258,Female,0,Yes,No,28,DSL,Month-to-month,75.61,2109.11,Electronic check,No,No internet,No,No
CUST100259,Male,0,Yes,Yes,64,DSL,One year,84.29,5418.99,Bank transfer,No,No,No,No
CUST100260,Male,0,No,No,69,DSL,Two year,76.3,5228.19,Bank transfer,Yes,No,No,No
CUST100261,Female,0,Yes,No,61,DSL,Month-to-month,45.52,2631.42,Mailed check,No,No,No,Yes
CUST100262,Male,1,No,Yes,48,Fiber optic,Two year,89.83,4420.02,Credit card,Yes,No,Yes,No
CUST100263,Male,0,Yes,Yes,19,Fiber optic,One year,96.0,1836.65,Bank transfer,Yes,No,No,Yes
CUST100264,Male,0,Yes,No,4,Fiber optic,One year,41.86,122.3,Bank transfer,No,No internet,Yes,No
CUST100265,Male,0,No,Yes,35,DSL,Month-to-month,67.47,2357.96,Electronic check,Yes,Yes,Yes,No
CUST100266,Female,0,Yes,No,64,DSL,Two year,65.14,4143.7,Credit card,No,Yes,No,No
CUST100267,Female,0,No,Yes,49,Fiber optic,Month-to-month,77.51,3845.39,Electronic check,No,No internet,No,Yes
CUST100268,Female,1,No,No,17,Fiber optic,Month-to-month,66.88,1065.03,Electronic check,No,Yes,Yes,Yes
CUST100269,Male,0,No,No,44,DSL,Two year,70.3,3063.0,Electronic check,No,Yes,Yes,No
CUST100270,Male,0,No,No,30,Fiber optic,One year,88.05,2653.06,Mailed check,Yes,No,No,Yes
CUST100271,Male,0,Yes,Yes,46,No,Month-to-month,44.15,1873.49,Credit card,No,Yes,No internet,No
CUST100272,Male,0,No,No,6,Fiber optic,Month-to-month,90.43,522.91,Electronic check,Yes,No internet,No internet,No
CUST100273,Female,0,Yes,Yes,37,No,Month-to-month,100.53,3664.61,Mailed check,No,No,Yes,Yes
CUST100274,Male,0,Yes,Yes,24,Fiber optic,Month-to-month,112.85,2757.08,Credit card,Yes,No,Yes,Yes
CUST100275,Female,0,No,No,46,Fiber optic,Month-to-month,20.0,939.76,Bank transfer,No,Yes,No internet,Yes
CUST100276,Male,0,No,No,53,Fiber optic,One year,67.43,3675.26,Bank transfer,No,Yes,No,No
CUST100277,Female,0,No,No,60,Fiber optic,Month-to-month,22.87,1211.0,Electronic check,No,No,Yes,No
CUST100278,Male,0,No,No,63,Fiber optic,One year,20.0,1210.65,Bank transfer,No,No,No,No
CUST100279,Female,1,No,No,32,Fiber optic,Two year,75.6,2434.84,Electronic check,No,No,Yes,No
CUST100280,Male,0,Yes,Yes,33,DSL,Month-to-month,62.02,2150.02,Credit card,Yes,Yes,No,No
CUST100281,Female,0,No,No,67,Fiber optic,Month-to-month,79.5,5237.99,Bank transfer,No,No,Yes,Yes
CUST100282,Male,0,Yes,Yes,18,DSL,Month-to-month,84.15,1450.41,Bank transfer,No,Yes,No internet,No
CUST100283,Male,0,No,No,25,Fiber optic,Month-to-month,103.2,2685.17,Electronic check,No,No,No,No
CUST100284,Male,0,No,No,54,No,One year,73.35,4145.23,Electronic check,No,No,No,No
CUST100285,Male,0,No,No,58,DSL,Month-to-month,145.08,8551.12,Electronic check,Yes,Yes,No,No
CUST100286,Female,0,No,Yes,67,Fiber optic,One year,79.66,5474.48,Mailed check,Yes,No,No,No
CUST100287,Female,0,No,No,46,Fiber optic,Month-to-month,118.06,5465.25,Electronic check,No,Yes,No internet,No
CUST100288,Female,0,Yes,Yes,24,Fiber optic,Month-to-month,20.0,490.59,Bank transfer,Yes,No,Yes,No
CUST100289,Male,0,Yes,No,32,Fiber optic,Month-to-month,105.74,3535.82,Electronic check,Yes,No,No,Yes
CUST100290,Male,0,No,Yes,47,DSL,Month-to-month,67.48,3145.48,Bank transfer,No,Yes,Yes,No
CUST100291,Male,0,Yes,Yes,23,DSL,Month-to-month,23.29,454.84,Electronic check,Yes,No internet,No,No
CUST100292,Male,0,No,Yes,66,No,Month-to-month,82.51,5468.33,Electronic check,No,No,No,No
CUST100293,Female,1,No,No,27,DSL,Two year,64.43,1710.76,Credit card,No,No internet,Yes,Yes
CUST100294,Female,0,Yes,No,2,No,One year,86.5,111.53,Bank transfer,Yes,Yes,No,No
CUST100295,Female,0,Yes,Yes,17,No,Month-to-month,97.28,1721.81,Mailed check,No,No internet,No,No
CUST100296,Female,0,Yes,No,33,No,Month-to-month,34.77,1127.4,Electronic check,Yes,Yes,Yes,No
CUST100297,Female,0,No,Yes,9,DSL,Month-to-month,97.37,891.09,Bank transfer,No,No,Yes,No
CUST100298,Male,0,Yes,Yes,43,Fiber optic,Month-to-month,72.16,3146.17,Mailed check,Yes,No internet,Yes,Yes
CUST100299,Female,0,Yes,No,48,Fiber optic,Month-to-month,105.82,4938.15,Electronic check,No,Yes,No,Yes
CUST100300,Female,0,No,No,39,DSL,Month-to-month,66.87,2707.08,Bank transfer,Yes,Yes,No,Yes
CUST100301,Female,0,Yes,No,42,Fiber optic,Month-to-month,60.24,2714.15,Mailed check,No,No,No internet,Yes
CUST100302,Female,0,Yes,No,26,Fiber optic,Month-to-month,72.68,1992.13,Electronic check,No,No,Yes,Yes
CUST100303,Male,1,Yes,Yes,50,Fiber optic,Month-to-month,74.55,3440.08,Credit card,Yes,No,No,No
CUST100304,Male,1,Yes,Yes,25,Fiber optic,Month-to-month,55.43,1403.79,Credit card,No,Yes,No,Yes
CUST100305,Male,0,No,No,24,DSL,One year,59.59,1281.49,Electronic check,No,No,No,No
CUST100306,Female,0,Yes,Yes,13,Fiber optic,Month-to-month,41.33,632.79,Mailed check,Yes,Yes,No,No
CUST100307,Female,1,No,No,60,DSL,Month-to-month,61.13,3763.59,Electronic check,No,No internet,Yes,No
CUST100308,Female,0,Yes,No,7,DSL,One year,88.91,652.18,Credit card,Yes,No,Yes,No
CUST100309,Male,0,Yes,No,57,Fiber optic,Two year,68.57,3697.02,Bank transfer,Yes,No,No,Yes
CUST100310,Male,0,Yes,Yes,36,DSL,Two year,97.23,3501.11,Electronic check,Yes,Yes,Yes,No
CUST100311,Male,0,No,Yes,45,DSL,One year,67.36,2941.52,Electronic check,Yes,No internet,No,No
CUST100312,Female,0,Yes,No,20,Fiber optic,Month-to-month,36.21,735.29,Electronic check,Yes,No,Yes,No
CUST100313,Male,1,No,No,65,Fiber optic,One year,86.93,5649.3,Mailed check,No,No internet,No,Yes
CUST100314,Male,0,Yes,No,8,Fiber optic,One year,55.16,524.69,Bank transfer,Yes,Yes,No,No
CUST100315,Male,0,Yes,Yes,16,DSL,Month-to-month,66.17,1046.07,Electronic check,Yes,No,Yes,Yes
CUST100316,Female,0,No,No,14,DSL,Month-to-month,102.94,1574.97,Electronic check,No,No,Yes,No
CUST100317,Female,0,No,No,15,Fiber optic,Two year,42.98,676.5,Electronic check,Yes,Yes,Yes,No
CUST100318,Male,1,Yes,Yes,66,Fiber optic,Month-to-month,76.12,4981.91,Electronic check,Yes,No,No,No
CUST100319,Male,0,No,No,32,Fiber optic,Month-to-month,70.99,2264.69,Mailed check,Yes,Yes,No,No
CUST100320,Male,0,No,No,63,DSL,Month-to-month,89.52,5742.76,Bank transfer,Yes,No,No internet,No
CUST100321,Male,0,No,No,51,Fiber optic,Month-to-month,93.38,4876.0,Bank transfer,No,No,Yes,No
CUST100322,Female,0,No,Yes,25,DSL,Month-to-month,78.6,1750.98,Credit card,No,No,Yes,Yes
CUST100323,Female,0,Yes,Yes,58,Fiber optic,One year,62.99,3557.79,Credit card,Yes,No,Yes,No
CUST100324,Male,0,Yes,No,63,DSL,One year,83.83,5231.11,Bank transfer,Yes,No,Yes,No
CUST100325,Male,0,Yes,No,62,DSL,Month-to-month,105.39,6646.69,Bank transfer,No,Yes,No,No
CUST100326,Male,0,No,No,22,DSL,Two year,71.32,1669.64,Credit card,No,No,No internet,No
CUST100327,Male,0,Yes,No,58,Fiber optic,Month-to-month,65.32,3868.92,Electronic check,Yes,No internet,Yes,No
CUST100328,Male,0,Yes,No,58,DSL,Month-to-month,81.7,4829.43,Electronic check,No,Yes,Yes,Yes
CUST100329,Female,0,Yes,No,49,Fiber optic,One year,72.97,3712.55,Electronic check,Yes,Yes,No,Yes
CUST100330,Female,0,No,No,52,Fiber optic,One year,38.56,2049.9,Bank transfer,Yes,No,No internet,No
CUST100331,Female,1,No,Yes,42,DSL,One year,77.98,3362.29,Bank transfer,Yes,No,No,No
CUST100332,Male,1,Yes,No,70,DSL,Two year,38.33,2717.66,Mailed check,No,No,No internet,No
CUST100333,Male,0,No,Yes,15,DSL,One year,81.36,1304.9,Bank transfer,No,No,No,Yes
CUST100334,Female,0,Yes,No,54,Fiber optic,Two year,52.07,2773.01,Mailed check,Yes,Yes,No,No
CUST100335,Male,0,Yes,No,60,DSL,Month-to-month,72.92,4305.81,Electronic check,No,No,Yes,Yes
CUST100336,Female,0,No,No,8,DSL,One year,81.76,601.34,Electronic check,Yes,No,No internet,No
CUST100337,Male,0,Yes,No,53,No,Two year,133.35,7045.52,Electronic check,Yes,Yes,No,No
CUST100338,Female,0,No,Yes,60,DSL,One year,90.57,5499.45,Electronic check,Yes,Yes,No,No
CUST100339,Female,1,No,Yes,5,DSL,Month-to-month,106.12,662.52,Credit card,Yes,No,No,Yes
CUST100340,Male,0,No,No,68,Fiber optic,Month-to-month,118.79,8029.31,Credit card,Yes,No,Yes,No
CUST100341,Male,0,No,Yes,6,DSL,One year,84.23,707.65,Credit card,Yes,No,Yes,Yes
CUST100342,Male,0,No,Yes,47,DSL,Month-to-month,79.14,3701.77,Bank transfer,Yes,No internet,Yes,Yes
CUST100343,Female,0,No,No,55,No,Two year,45.33,2494.71,Credit card,No,Yes,No internet,Yes
CUST100344,Female,0,No,No,40,Fiber optic,Month-to-month,69.08,2786.12,Bank transfer,Yes,No internet,No,No
CUST100345,Male,1,No,No,52,Fiber optic,Month-to-month,53.92,2753.36,Bank transfer,Yes,No,No,No
CUST100346,Female,0,Yes,Yes,16,Fiber optic,Two year,61.97,951.51,Bank transfer,Yes,No,No,No
CUST100347,Female,0,No,No,13,DSL,Month-to-month,118.77,1519.67,Mailed check,Yes,No internet,No,Yes
CUST100348,Female,0,No,No,30,No,Month-to-month,74.87,2152.14,Mailed check,No,No,Yes,No
CUST100349,Male,1,No,No,19,Fiber optic,One year,50.1,886.33,Bank transfer,No,Yes,Yes,No
CUST100350,Female,0,No,No,17,DSL,One year,106.36,1801.94,Electronic check,Yes,No internet,No internet,Yes
CUST100351,Male,0,Yes,Yes,63,DSL,Month-to-month,95.88,6007.92,Bank transfer,No,No,Yes,No
CUST100352,Male,0,Yes,No,19,DSL,Two year,97.19,1794.72,Mailed check,Yes,No,No,No
CUST100353,Female,0,Yes,No,58,Fiber optic,Month-to-month,21.85,1349.32,Electronic check,Yes,No internet,No,Yes
CUST100354,Female,0,No,Yes,55,DSL,One year,120.72,6499.51,Credit card,Yes,No,No,No
CUST100355,Male,0,Yes,No,62,Fiber optic,Month-to-month,58.04,3645.29,Electronic check,No,No,No internet,Yes
CUST100356,Female,0,Yes,No,23,DSL,One year,91.45,2115.43,Electronic check,No,No,Yes,No
CUST100357,Female,1,No,Yes,9,Fiber optic,Month-to-month,135.09,1238.47,Electronic check,No,No,No,Yes
CUST100358,Male,0,No,Yes,12,Fiber optic,Month-to-month,,1412.34,Credit card,Yes,Yes,No,Yes
CUST100359,Male,0,No,No,1,DSL,Month-to-month,47.56,47.56,Bank transfer,No,No,No internet,No
CUST100360,Female,0,Yes,No,58,Fiber optic,Two year,35.89,2112.96,Bank transfer,No,Yes,No internet,No
CUST100361,Female,0,No,Yes,1,Fiber optic,Month-to-month,107.76,107.76,Credit card,Yes,No,Yes,Yes
CUST100362,Male,0,Yes,No,34,DSL,One year,75.55,2445.78,Mailed check,No,No internet,Yes,No
CUST100363,Female,0,No,Yes,48,DSL,Two year,59.48,2833.5,Electronic check,Yes,Yes,No internet,No
CUST100364,Male,0,Yes,Yes,1,DSL,Month-to-month,87.53,87.53,Electronic check,No,Yes,Yes,No
CUST100365,Male,0,Yes,No,16,Fiber optic,Month-to-month,67.93,1145.22,Bank transfer,Yes,Yes,No,No
CUST100366,Male,0,Yes,Yes,61,Fiber optic,Month-to-month,89.53,5552.2,Bank transfer,No,No,No,No
CUST100367,Male,0,Yes,No,64,Fiber optic,One year,73.67,4725.93,Electronic check,No,No internet,No,No
CUST100368,Male,0,Yes,Yes,63,Fiber optic,Month-to-month,90.06,5708.73,Electronic check,Yes,No,No,No
CUST100369,Female,0,Yes,Yes,69,No,Month-to-month,49.64,3509.61,Electronic check,No,Yes,No,No
CUST100370,Female,0,Yes,No,22,Fiber optic,One year,107.61,2352.39,Bank transfer,Yes,No,No,No
CUST100371,Male,0,No,No,67,Fiber optic,One year,89.44,6035.8,Electronic check,Yes,No,No,No
CUST100372,Male,0,No,No,26,Fiber optic,Month-to-month,88.16,2178.59,Electronic check,No,,No internet,No
CUST100373,Male,0,No,No,16,Fiber optic,Month-to-month,44.06,659.96,Mailed check,Yes,No,No,No
CUST100374,Male,1,No,No,51,DSL,One year,114.49,5976.12,Bank transfer,Yes,Yes,Yes,No
CUST100375,Male,0,Yes,Yes,57,DSL,Two year,71.66,4166.57,Bank transfer,No,No,Yes,No
CUST100376,Male,1,No,No,29,Fiber optic,Two year,90.2,2682.66,Mailed check,No,Yes,No internet,No
CUST100377,Female,0,Yes,No,69,Fiber optic,One year,63.93,4340.27,Bank transfer,No,Yes,Yes,No
CUST100378,Male,0,No,Yes,47,Fiber optic,Month-to-month,78.52,3568.57,Mailed check,No,No internet,No,No
CUST100379,Male,0,No,No,62,DSL,Month-to-month,79.43,4847.98,Credit card,No,No,No,No
CUST100380,Female,0,No,Yes,69,DSL,Month-to-month,20.0,1388.26,Electronic check,No,Yes,No internet,No
CUST100381,Female,0,No,No,16,Fiber optic,Month-to-month,,1427.45,Bank transfer,Yes,No internet,No internet,No
CUST100382,Male,0,No,No,48,DSL,One year,121.13,5940.96,Mailed check,Yes,No,No,No
CUST100383,Male,0,Yes,No,39,DSL,Month-to-month,85.49,3237.71,Electronic check,No,Yes,Yes,Yes
CUST100384,Male,0,Yes,Yes,33,No,Month-to-month,48.06,1540.64,Bank transfer,Yes,No,Yes,No
CUST100385,Male,0,Yes,No,23,No,Two year,88.25,2160.37,Electronic check,Yes,No internet,Yes,No
CUST100386,Male,0,Yes,No,10,Fiber optic,Month-to-month,98.49,857.74,Mailed check,No,No,Yes,No
CUST100387,Male,0,Yes,No,69,Fiber optic,Month-to-month,84.81,5869.44,Mailed check,No,Yes,Yes,No
CUST100388,Female,0,Yes,Yes,34,Fiber optic,Month-to-month,70.15,2231.17,Electronic check,Yes,No,No,No
CUST100389,Male,0,No,No,52,DSL,One year,65.95,3401.59,Mailed check,Yes,No,Yes,No
CUST100390,Male,1,No,Yes,10,No,One year,65.84,815.69,Mailed check,Yes,No,No,No
CUST100391,Female,0,No,Yes,19,Fiber optic,Month-to-month,89.44,1743.3,Bank transfer,Yes,Yes,No,Yes
CUST100392,Male,0,No,No,58,Fiber optic,Month-to-month,36.82,2241.54,Bank transfer,Yes,No,No,No
CUST100393,Female,0,No,No,1,Fiber optic,One year,62.7,106.36,Electronic check,No,Yes,No internet,No
CUST100394,Female,0,Yes,No,69,Fiber optic,Two year,111.89,7762.72,Bank transfer,Yes,No,Yes,No
CUST100395,Female,1,Yes,No,4,Fiber optic,Two year,112.85,320.84,Credit card,Yes,No internet,Yes,Yes
CUST100396,Male,0,Yes,No,16,DSL,Two year,35.05,726.01,Electronic check,No,Yes,Yes,No
CUST100397,Female,0,No,No,24,Fiber optic,One year,43.71,1179.47,Mailed check,No,Yes,No internet,No
CUST100398,Female,0,No,No,2,Fiber optic,Month-to-month,65.23,70.76,Bank transfer,Yes,No,No,Yes
CUST100399,Male,0,Yes,No,32,DSL,Month-to-month,94.31,3140.44,Bank transfer,Yes,No,No internet,No
CUST100400,Female,0,No,No,24,Fiber optic,Month-to-month,26.31,716.58,Electronic check,Yes,Yes,Yes,Yes
CUST100401,Female,0,Yes,No,12,Fiber optic,One year,70.63,899.87,Mailed check,No,No,No,No
CUST100402,Female,0,No,Yes,50,Fiber optic,Two year,60.15,3024.51,Mailed check,Yes,No internet,Yes,No
CUST100403,Male,0,Yes,No,35,No,Month-to-month,105.15,3672.2,Credit card,No,No,No,No
CUST100404,Female,0,Yes,No,33,DSL,Month-to-month,30.08,1131.85,Electronic check,No,No,No internet,No
CUST100405,Female,0,Yes,No,33,Fiber optic,Month-to-month,74.31,2463.02,Credit card,Yes,No,No internet,Yes
CUST100406,Male,0,Yes,No,61,DSL,Two year,62.16,3829.54,Mailed check,Yes,No internet,No,No
CUST100407,Female,0,No,No,51,Fiber optic,One year,108.74,5678.3,Electronic check,No,Yes,Yes,No
CUST100408,Male,0,No,No,43,DSL,Two year,86.94,3831.44,Mailed check,Yes,Yes,No,No
CUST100409,Female,0,No,No,12,DSL,Two year,57.35,589.4,Bank transfer,Yes,No,No,No
CUST100410,Male,1,No,Yes,67,No,Two year,93.33,6206.36,Electronic check,Yes,No,No,No
CUST100411,Male,0,No,Yes,65,Fiber optic,One year,62.28,3982.41,Electronic check,Yes,No internet,No,No
CUST100412,Female,0,Yes,No,33,No,One year,96.98,3235.94,Credit card,Yes,Yes,Yes,Yes
CUST100413,Female,0,No,Yes,40,No,Month-to-month,66.07,2604.23,Credit card,No,No,Yes,No
CUST100414,Male,0,Yes,No,43,No,Month-to-month,98.37,4199.35,Electronic check,Yes,No,No,No
CUST100415,Female,1,Yes,No,44,DSL,Month-to-month,82.9,3628.84,Electronic check,No,No,No,Yes
CUST100416,Male,0,Yes,No,29,Fiber optic,Month-to-month,153.51,4481.47,Credit card,Yes,No,Yes,No
CUST100417,Female,0,Yes,No,13,Fiber optic,Two year,70.68,897.95,Bank transfer,Yes,Yes,Yes,No
CUST100418,Female,0,Yes,No,12,Fiber optic,Month-to-month,81.57,1056.31,Electronic check,Yes,Yes,No,Yes
CUST100419,Male,1,Yes,Yes,46,Fiber optic,Two year,60.01,2673.21,Credit card,No,No internet,No,No
CUST100420,Female,0,Yes,No,2,DSL,Month-to-month,72.07,72.07,Electronic check,Yes,No,Yes,Yes
CUST100421,Female,0,Yes,No,35,DSL,Month-to-month,20.0,647.81,Bank transfer,No,Yes,No internet,Yes
CUST100422,Female,0,No,No,8,No,Two year,83.64,587.78,Mailed check,Yes,No,Yes,Yes
CUST100423,Female,0,No,No,26,Fiber optic,Month-to-month,105.57,2749.28,Bank transfer,No,No internet,No,Yes
CUST100424,Male,0,Yes,No,34,Fiber optic,Month-to-month,81.92,2753.3,Electronic check,Yes,No,Yes,No
CUST100425,Male,0,No,No,7,DSL,Month-to-month,39.15,170.15,Bank transfer,Yes,Yes,No,No
CUST100426,Male,0,Yes,No,68,Fiber optic,One year,51.96,3427.87,Credit card,No,No,No,No
CUST100427,Male,0,No,No,58,Fiber optic,Month-to-month,20.0,1174.63,Mailed check,Yes,No,No,No
CUST100428,Female,0,No,No,29,No,One year,96.47,2869.69,Mailed check,Yes,Yes,No,No
CUST100429,Male,0,No,No,36,DSL,One year,46.84,1629.78,Electronic check,Yes,Yes,No,No
CUST100430,Male,0,No,No,21,Fiber optic,One year,71.28,1489.89,Credit card,No,No,Yes,No
CUST100431,Male,0,No,No,36,DSL,One year,68.16,2402.39,Credit card,Yes,No,No,No
CUST100432,Female,0,No,No,10,DSL,Month-to-month,109.19,1079.76,Credit card,Yes,Yes,No,Yes
CUST100433,Female,0,Yes,No,24,DSL,Month-to-month,74.13,1920.1,Bank transfer,No,Yes,No,No
CUST100434,Male,0,No,No,64,DSL,Two year,92.22,6102.04,Credit card,Yes,Yes,No,No
CUST100435,Female,0,Yes,No,49,Fiber optic,Month-to-month,85.66,4161.63,Electronic check,Yes,Yes,Yes,Yes
CUST100436,Female,0,No,Yes,36,DSL,Month-to-month,105.99,3774.73,Mailed check,Yes,Yes,No,Yes
CUST100437,Male,1,Yes,No,24,Fiber optic,Month-to-month,66.02,1619.05,Mailed check,No,No,No internet,No
CUST100438,Male,0,Yes,Yes,23,Fiber optic,Two year,118.74,2740.66,Mailed check,Yes,No,Yes,Yes
CUST100439,Male,0,Yes,No,62,No,Month-to-month,22.36,1440.82,Credit card,No,No,No,No
CUST100440,Female,0,Yes,Yes,37,DSL,Month-to-month,93.44,3447.29,Bank transfer,Yes,No,No,No
CUST100441,Male,1,Yes,Yes,12,DSL,One year,50.33,589.39,Electronic check,Yes,Yes,Yes,No
CUST100442,Female,1,No,Yes,55,DSL,One year,59.68,3317.73,Mailed check,Yes,No,No,No
CUST100443,Female,1,No,Yes,13,No,Month-to-month,86.24,1140.49,Electronic check,Yes,Yes,Yes,No
CUST100444,Male,0,No,No,23,No,Month-to-month,86.04,1940.36,Bank transfer,Yes,Yes,No internet,No
CUST100445,Female,0,No,No,30,DSL,One year,87.16,2624.71,Electronic check,No,Yes,No,No
CUST100446,Female,0,No,No,17,Fiber optic,Two year,,645.07,Electronic check,Yes,No internet,No internet,No
CUST100447,Male,0,Yes,No,62,Fiber optic,One year,108.23,6489.53,Bank transfer,Yes,Yes,No,No
CUST100448,Female,0,No,Yes,13,Fiber optic,Month-to-month,49.48,638.67,Credit card,Yes,No internet,Yes,No
CUST100449,Female,0,No,No,59,Fiber optic,Month-to-month,52.82,3188.63,Credit card,Yes,No,Yes,No
CUST100450,Female,0,Yes,Yes,19,DSL,Two year,87.95,1635.96,Credit card,Yes,No,No,No
CUST100451,Female,1,Yes,No,49,DSL,Two year,64.83,3117.15,Credit card,Yes,No,No internet,No
CUST100452,Female,0,Yes,No,12,No,Month-to-month,79.71,897.31,Electronic check,Yes,Yes,No internet,No
CUST100453,Female,1,Yes,Yes,61,DSL,Month-to-month,20.0,1246.29,Credit card,No,Yes,No,Yes
CUST100454,Male,0,No,No,19,DSL,One year,79.11,1424.15,Mailed check,Yes,No internet,No,No
CUST100455,Male,0,Yes,No,9,Fiber optic,Month-to-month,77.45,716.09,Bank transfer,No,No,No internet,Yes
CUST100456,Male,0,No,No,71,Fiber optic,Month-to-month,59.25,4219.47,Mailed check,No,Yes,No internet,No
CUST100457,Male,0,No,Yes,28,Fiber optic,Month-to-month,20.15,457.49,Credit card,Yes,Yes,No,No
CUST100458,Female,0,No,Yes,52,DSL,Month-to-month,66.68,3543.0,Mailed check,Yes,No internet,No,No
CUST100459,Male,0,Yes,Yes,16,Fiber optic,Month-to-month,71.07,1237.25,Electronic check,Yes,No internet,No,No
CUST100460,Male,0,No,No,69,DSL,One year,62.82,4354.69,Bank transfer,Yes,No,No,No
CUST100461,Male,0,Yes,No,12,DSL,Month-to-month,26.1,316.29,Electronic check,No,Yes,No,No
CUST100462,Male,0,No,No,25,Fiber optic,Month-to-month,111.87,2756.68,Credit card,Yes,No,Yes,No
CUST100463,Male,0,No,No,52,Fiber optic,Month-to-month,56.03,2876.57,Mailed check,Yes,Yes,No,Yes
CUST100464,Male,0,No,No,53,DSL,Month-to-month,66.44,3486.68,Bank transfer,Yes,No,No,No
CUST100465,Male,1,No,No,23,Fiber optic,Month-to-month,20.0,519.47,Credit card,Yes,No,No,No
CUST100466,Male,0,Yes,No,16,DSL,Month-to-month,111.87,1835.74,Bank transfer,Yes,No,No,No
CUST100467,Male,1,Yes,No,57,DSL,One year,60.34,3281.7,Electronic check,Yes,No,Yes,No
CUST100468,Male,0,No,No,39,DSL,Month-to-month,74.46,2785.41,Electronic check,Yes,No internet,No,No
CUST100469,Male,0,Yes,No,53,DSL,Month-to-month,100.02,5234.79,Mailed check,Yes,No,No,No
CUST100470,Female,0,Yes,No,42,DSL,Month-to-month,55.09,2276.58,Credit card,Yes,No,No,No
CUST100471,Male,0,No,No,58,No,Month-to-month,96.08,5607.13,Credit card,No,Yes,No internet,No
CUST100472,Female,0,Yes,No,39,Fiber optic,Two year,20.47,755.19,Credit card,Yes,Yes,No,No
CUST100473,Male,0,Yes,Yes,14,DSL,Month-to-month,85.77,1234.3,Electronic check,Yes,Yes,No internet,No
CUST100474,Male,0,No,No,5,Fiber optic,Two year,111.31,684.26,Electronic check,Yes,No,Yes,No
CUST100475,Female,1,No,Yes,35,Fiber optic,Month-to-month,57.49,1965.55,Electronic check,No,No,No,No
CUST100476,Female,0,No,No,18,Fiber optic,Two year,99.97,1726.26,Bank transfer,Yes,Yes,No,No
CUST100477,Female,0,No,No,9,DSL,Month-to-month,117.85,970.49,Electronic check,Yes,Yes,Yes,No
CUST100478,Female,0,No,No,58,Fiber optic,One year,65.63,3723.77,Electronic check,Yes,Yes,Yes,Yes
CUST100479,Female,0,Yes,No,17,Fiber optic,Month-to-month,63.56,1124.87,Bank transfer,No,No,No,No
CUST100480,Female,0,Yes,No,7,No,Month-to-month,49.54,407.47,Mailed check,No,No,No,Yes
CUST100481,Female,0,No,No,46,DSL,Two year,59.26,2776.1,Bank transfer,Yes,No,Yes,No
CUST100482,Male,0,No,Yes,13,DSL,One year,51.62,587.12,Mailed check,Yes,No,No,No
CUST100483,Female,0,Yes,No,40,DSL,Month-to-month,49.52,1950.12,Mailed check,Yes,No,Yes,No
CUST100484,Female,0,No,No,42,No,Month-to-month,101.97,4252.31,Mailed check,Yes,No,No,No
CUST100485,Female,1,Yes,No,9,DSL,Month-to-month,52.25,607.57,Credit card,No,Yes,No,Yes
CUST100486,Female,1,Yes,No,50,Fiber optic,Two year,78.46,3946.68,Mailed check,No,No,Yes,No
CUST100487,Male,0,Yes,Yes,27,No,Month-to-month,72.96,1978.75,Electronic check,Yes,No,No,No
CUST100488,Female,1,Yes,No,66,DSL,Month-to-month,109.45,7245.94,Electronic check,No,Yes,No internet,Yes
CUST100489,Female,0,No,No,5,Fiber optic,One year,59.42,262.74,Electronic check,Yes,No internet,No internet,No
CUST100490,Female,0,No,No,29,Fiber optic,Two year,81.53,2396.61,Credit card,Yes,No,No,No
CUST100491,Female,0,Yes,No,37,Fiber optic,One year,91.78,3357.58,Electronic check,Yes,No,No,No
CUST100492,Female,0,Yes,No,38,No,One year,109.24,4265.34,Credit card,Yes,No,No internet,No
CUST100493,Male,1,No,No,8,Fiber optic,One year,59.06,402.77,Electronic check,Yes,Yes,No internet,No
CUST100494,Male,0,No,Yes,65,No,Month-to-month,56.55,3690.87,Credit card,Yes,Yes,Yes,No
CUST100495,Male,0,Yes,No,17,No,Month-to-month,45.46,826.45,Credit card,Yes,No,No,No
CUST100496,Female,0,No,No,71,DSL,Two year,127.91,9075.21,Bank transfer,Yes,Yes,No,No
CUST100497,Female,0,No,Yes,45,DSL,Month-to-month,106.61,4807.61,Bank transfer,No,Yes,Yes,Yes
CUST100498,Male,1,Yes,No,4,Fiber optic,Two year,70.94,267.67,Electronic check,No,No internet,No,No
CUST100499,Male,0,No,No,36,Fiber optic,Month-to-month,120.29,4257.39,Bank transfer,Yes,No,No,Yes
CUST100500,Male,0,No,Yes,70,Fiber optic,Month-to-month,69.45,5000.22,Electronic check,Yes,Yes,No,No
CUST100501,Male,0,Yes,No,31,DSL,Two year,90.11,2764.72,Mailed check,No,Yes,Yes,No
CUST100502,Male,0,Yes,No,19,Fiber optic,One year,72.25,1268.3,Bank transfer,No,No,Yes,Yes
CUST100503,Male,0,No,No,61,Fiber optic,Month-to-month,81.95,4941.1,Electronic check,Yes,Yes,Yes,Yes
CUST100504,Male,0,No,Yes,54,Fiber optic,One year,79.29,4387.96,Credit card,Yes,Yes,No internet,Yes
CUST100505,Male,0,Yes,No,39,No,One year,61.38,2575.99,Mailed check,Yes,No,No,No
CUST100506,Male,1,No,Yes,19,Fiber optic,Month-to-month,99.31,1916.63,Mailed check,Yes,Yes,Yes,No
CUST100507,Male,0,No,No,39,No,Month-to-month,89.9,3569.28,Credit card,Yes,No,Yes,Yes
CUST100508,Male,1,No,No,67,Fiber optic,Two year,97.69,6692.95,Bank transfer,No,No,No,No
CUST100509,Female,1,Yes,No,45,DSL,Two year,80.01,3523.57,Bank transfer,Yes,Yes,No,No
CUST100510,Male,1,Yes,No,13,Fiber optic,Month-to-month,49.34,672.81,Bank transfer,Yes,Yes,No,Yes
CUST100511,Female,0,Yes,Yes,58,DSL,Two year,114.73,6800.47,Credit card,Yes,No,No internet,No
CUST100512,Female,1,Yes,Yes,20,DSL,Two year,65.44,1375.94,Electronic check,Yes,No,No,No
CUST100513,Female,0,Yes,No,72,Fiber optic,Month-to-month,81.1,5817.42,Bank transfer,No,Yes,No,No
CUST100514,Female,0,No,No,61,DSL,One year,87.88,5389.62,Mailed check,Yes,Yes,No,No
CUST100515,Female,0,Yes,No,39,DSL,Month-to-month,80.94,3305.67,Electronic check,No,No internet,No,No
CUST100516,Male,0,Yes,No,1,DSL,Month-to-month,94.89,107.0,Electronic check,Yes,Yes,No,Yes
CUST100517,Female,1,Yes,No,3,DSL,One year,98.83,222.59,Electronic check,Yes,No internet,No,Yes
CUST100518,Male,0,No,Yes,62,Fiber optic,Two year,66.38,4164.48,Bank transfer,Yes,Yes,No,No
CUST100519,Male,0,Yes,No,63,DSL,One year,112.64,7024.04,Credit card,Yes,Yes,Yes,No
CUST100520,Male,0,Yes,No,25,No,Month-to-month,65.33,1574.51,Credit card,Yes,No,No,No
CUST100521,Male,1,No,Yes,56,No,Month-to-month,80.42,4466.3,Bank transfer,Yes,Yes,Yes,No
CUST100522,Female,0,Yes,No,33,No,Month-to-month,62.31,2054.74,Electronic check,No,Yes,Yes,No
CUST100523,Female,1,Yes,Yes,38,Fiber optic,Month-to-month,55.16,2028.44,Electronic check,No,Yes,No,No
CUST100524,Female,0,Yes,Yes,6,DSL,Month-to-month,98.1,621.45,Mailed check,Yes,No internet,No,No
CUST100525,Male,0,No,No,58,DSL,One year,150.05,8675.11,Bank transfer,Yes,No,Yes,Yes
CUST100526,Female,0,No,No,44,Fiber optic,Month-to-month,62.96,2835.74,Electronic check,No,No,Yes,Yes
CUST100527,Male,0,Yes,No,45,DSL,One year,102.38,4610.37,Mailed check,Yes,No,No,No
CUST100528,Female,0,Yes,Yes,32,DSL,Month-to-month,63.85,2030.88,Credit card,Yes,No,Yes,Yes
CUST100529,Male,0,Yes,No,45,Fiber optic,One year,71.74,3219.15,Bank transfer,Yes,No,No internet,No
CUST100530,Male,0,Yes,Yes,61,Fiber optic,Month-to-month,115.94,7189.13,Credit card,Yes,Yes,No,Yes
CUST100531,Female,0,No,No,47,DSL,Month-to-month,45.16,2193.12,Bank transfer,Yes,Yes,No,No
CUST100532,Female,0,Yes,No,21,Fiber optic,Month-to-month,38.55,695.25,Electronic check,Yes,Yes,No,No
CUST100533,Male,0,Yes,Yes,36,Fiber optic,Month-to-month,69.82,2473.57,Electronic check,No,Yes,No internet,No
CUST100534,Female,0,Yes,No,19,Fiber optic,Two year,88.59,1690.92,Credit card,Yes,Yes,No,No
CUST100535,Male,0,Yes,Yes,20,Fiber optic,Month-to-month,83.59,1497.71,Bank transfer,Yes,Yes,Yes,No
CUST100536,Female,0,Yes,No,57,No,One year,81.02,4652.44,Bank transfer,Yes,No internet,No,No
CUST100537,Male,1,Yes,No,18,Fiber optic,Two year,72.85,1243.42,Electronic check,Yes,No internet,No,Yes
CUST100538,Male,0,No,No,47,DSL,One year,91.66,4249.24,Bank transfer,No,Yes,No,No
CUST100539,Male,0,No,Yes,49,No,Month-to-month,20.0,923.85,Electronic check,Yes,Yes,No,No
CUST100540,Female,0,No,Yes,14,DSL,Two year,53.23,845.94,Electronic check,No,Yes,No,No
CUST100541,Male,0,No,Yes,15,Fiber optic,Month-to-month,69.66,1093.64,Electronic check,Yes,Yes,No,Yes
CUST100542,Male,0,No,No,31,DSL,Month-to-month,89.61,2741.86,Mailed check,No,Yes,Yes,No
CUST100543,Male,0,Yes,No,1,Fiber optic,Two year,109.24,109.24,Electronic check,No,No internet,No internet,No
CUST100544,Female,0,Yes,No,54,Fiber optic,One year,49.87,2706.16,Electronic check,No,Yes,Yes,No
CUST100545,Female,0,Yes,No,3,DSL,Month-to-month,108.43,452.94,Bank transfer,No,Yes,No internet,Yes
CUST100546,Male,0,No,Yes,16,DSL,Month-to-month,60.69,950.49,Bank transfer,Yes,Yes,No,Yes
CUST100547,Female,0,Yes,Yes,57,DSL,Month-to-month,68.75,3769.71,Mailed check,No,No internet,No,No
CUST100548,Male,0,Yes,No,12,No,Month-to-month,86.54,1051.94,Mailed check,No,No internet,Yes,Yes
CUST100549,Male,0,Yes,Yes,16,DSL,Month-to-month,66.92,1092.57,Credit card,No,No,No,No
CUST100550,Female,1,Yes,Yes,72,DSL,Two year,99.75,7211.53,Electronic check,Yes,No,No,No
CUST100551,Male,0,Yes,Yes,24,No,Two year,61.88,1482.09,Electronic check,Yes,Yes,Yes,No
CUST100552,Male,0,No,No,28,Fiber optic,Two year,62.26,1754.2,Bank transfer,Yes,Yes,Yes,No
CUST100553,Female,0,Yes,Yes,8,Fiber optic,Month-to-month,98.3,707.97,Electronic check,Yes,No,Yes,No
CUST100554,Male,1,Yes,No,36,DSL,One year,52.92,1992.4,Bank transfer,No,No,No,No
CUST100555,Male,0,No,No,8,DSL,Two year,78.22,583.86,Bank transfer,Yes,Yes,No,No
CUST100556,Female,0,Yes,No,58,Fiber optic,Two year,30.49,1747.8,Credit card,Yes,Yes,No,No
CUST100557,Male,0,No,No,60,Fiber optic,Month-to-month,117.49,7080.86,Credit card,No,No,No internet,Yes
CUST100558,Male,0,No,No,50,Fiber optic,Month-to-month,102.16,5124.95,Credit card,No,Yes,No internet,Yes
CUST100559,Male,0,Yes,No,28,DSL,Month-to-month,140.75,4067.1,Electronic check,Yes,No,No internet,Yes
CUST100560,Male,0,No,Yes,41,DSL,One year,105.46,4428.62,Credit card,Yes,No,No,No
CUST100561,Female,0,Yes,No,64,No,One year,43.76,2761.18,Electronic check,No,Yes,Yes,No
CUST100562,Male,0,Yes,No,27,DSL,Two year,88.72,2553.69,Bank transfer,Yes,No,No,No
CUST100563,Male,0,Yes,No,63,DSL,Month-to-month,49.05,3166.1,Bank transfer,No,No internet,Yes,No
CUST100564,Female,0,No,No,17,Fiber optic,Month-to-month,111.45,1905.05,Electronic check,Yes,Yes,Yes,Yes
CUST100565,Female,0,Yes,No,33,Fiber optic,Month-to-month,44.47,1414.48,Bank transfer,Yes,Yes,No,No
CUST100566,Male,0,Yes,No,29,Fiber optic,Month-to-month,43.27,1249.67,Electronic check,No,Yes,No internet,Yes
CUST100567,Female,0,Yes,Yes,13,DSL,Month-to-month,31.75,259.43,Electronic check,No,No,No,No
CUST100568,Female,1,Yes,Yes,46,Fiber optic,One year,59.79,2793.79,Credit card,Yes,No,No internet,No
CUST100569,Male,1,No,No,35,DSL,Month-to-month,54.76,1811.08,Electronic check,No,No,Yes,Yes
CUST100570,Male,0,Yes,No,6,DSL,One year,40.46,281.81,Electronic check,Yes,Yes,No,No
CUST100571,Female,0,Yes,No,69,Fiber optic,Month-to-month,121.75,8362.43,Mailed check,Yes,No internet,No,Yes
CUST100572,Female,0,No,No,47,No,Month-to-month,85.25,,Credit card,No,No,No,No
CUST100573,Male,0,No,No,25,DSL,Month-to-month,82.31,2008.47,Electronic check,No,No,No,Yes
CUST100574,Male,0,Yes,Yes,66,Fiber optic,Two year,111.73,7316.44,Mailed check,No,Yes,No,No
CUST100575,Female,0,No,No,10,Fiber optic,Month-to-month,78.41,842.83,Credit card,Yes,Yes,No,Yes
CUST100576,Female,0,Yes,Yes,56,DSL,Two year,53.28,2933.65,Electronic check,No,No,No internet,No
CUST100577,Male,0,No,No,30,Fiber optic,Month-to-month,29.49,812.55,Electronic check,Yes,No,Yes,Yes
CUST100578,Female,1,Yes,No,5,Fiber optic,Two year,51.87,175.35,Credit card,Yes,No,No internet,No
CUST100579,Female,1,Yes,No,33,DSL,Two year,109.64,3686.51,Bank transfer,Yes,Yes,Yes,No
CUST100580,Female,0,Yes,No,65,No,Month-to-month,40.62,2550.75,Credit card,No,No,Yes,No
CUST100581,Male,0,Yes,No,18,DSL,One year,80.83,1455.37,Electronic check,Yes,No,No,No
CUST100582,Female,0,Yes,No,49,No,Month-to-month,97.85,4971.65,Credit card,Yes,No internet,No,No
CUST100583,Female,1,Yes,No,11,DSL,Two year,79.13,815.36,Credit card,Yes,Yes,No,No
CUST100584,Male,0,Yes,No,26,Fiber optic,Month-to-month,81.97,2068.72,Electronic check,Yes,No,No internet,Yes
CUST100585,Female,0,Yes,No,63,DSL,Month-to-month,88.39,5655.5,Electronic check,No,No,No,No
CUST100586,Male,0,No,No,59,Fiber optic,One year,81.48,4712.36,Credit card,Yes,No internet,Yes,No
CUST100587,Male,0,Yes,No,27,Fiber optic,Two year,112.23,3117.01,Mailed check,No,No,No,No
CUST100588,Male,0,No,No,49,DSL,Month-to-month,45.99,2223.03,Bank transfer,Yes,No internet,No,No
CUST100589,Male,1,Yes,No,33,DSL,One year,78.01,2646.56,Bank transfer,Yes,No internet,Yes,Yes
CUST100590,Female,0,No,No,1,Fiber optic,Month-to-month,26.54,61.62,Credit card,No,Yes,No,No
CUST100591,Male,0,No,Yes,21,No,Month-to-month,20.16,469.34,Credit card,No,No,Yes,No
CUST100592,Female,1,No,Yes,55,DSL,One year,69.96,3812.38,Electronic check,Yes,No,No internet,No
CUST100593,Male,1,No,Yes,6,No,Month-to-month,85.58,482.12,Electronic check,Yes,Yes,No,Yes
CUST100594,Female,0,No,No,69,Fiber optic,Month-to-month,112.77,7739.43,Credit card,Yes,Yes,No,No
CUST100595,Male,0,Yes,No,5,No,Two year,132.49,768.77,Credit card,Yes,Yes,No,Yes
CUST100596,Female,1,Yes,Yes,3,Fiber optic,Month-to-month,105.0,315.47,Bank transfer,Yes,No,Yes,Yes
CUST100597,Male,0,No,No,53,Fiber optic,One year,90.18,4935.44,Credit card,Yes,Yes,No,No
CUST100598,Male,0,No,No,23,DSL,Month-to-month,76.0,1766.53,Bank transfer,Yes,No internet,Yes,No
CUST100599,Male,0,Yes,No,53,DSL,Month-to-month,33.72,1772.38,Electronic check,Yes,No,No,No
CUST100600,Male,0,No,No,37,DSL,Month-to-month,68.35,2511.65,Credit card,Yes,No,No,No
CUST100601,Male,0,Yes,No,17,DSL,One year,104.26,1716.65,Mailed check,Yes,Yes,Yes,No
CUST100602,Female,0,No,No,1,Fiber optic,One year,94.46,112.4,Electronic check,No,No,No,Yes
CUST100603,Male,0,Yes,No,51,DSL,Month-to-month,39.84,2024.76,Electronic check,Yes,No,No,No
CUST100604,Male,0,No,Yes,45,Fiber optic,Month-to-month,87.35,3881.61,Bank transfer,Yes,Yes,No,No
CUST100605,Female,0,No,No,4,DSL,Two year,85.21,336.11,Credit card,Yes,No,No internet,Yes
CUST100606,Female,0,Yes,No,62,Fiber optic,Month-to-month,80.75,4966.46,Electronic check,Yes,No,No,Yes
CUST100607,Male,0,No,Yes,65,No,Two year,71.3,4657.46,Electronic check,Yes,Yes,No,No
CUST100608,Male,1,Yes,No,32,DSL,Month-to-month,88.64,2893.69,Bank transfer,Yes,No,No,No
CUST100609,Male,0,Yes,Yes,34,DSL,One year,89.43,2990.42,Credit card,Yes,Yes,No,No
CUST100610,Female,0,Yes,No,72,No,Month-to-month,55.96,3992.56,Bank transfer,No,No,No,No
CUST100611,Female,0,Yes,No,39,DSL,Two year,83.38,3179.5,Bank transfer,Yes,No,No,No
CUST100612,Male,0,No,Yes,26,Fiber optic,One year,67.27,1839.73,Bank transfer,No,Yes,Yes,No
CUST100613,Male,0,Yes,No,34,Fiber optic,Month-to-month,34.82,1041.89,Electronic check,Yes,No,Yes,No
CUST100614,Male,0,No,No,54,DSL,Month-to-month,57.96,3077.16,Mailed check,Yes,No,No,No
CUST100615,Female,0,Yes,No,3,Fiber optic,One year,32.91,155.47,Electronic check,Yes,No,Yes,No
CUST100616,Male,0,Yes,No,50,DSL,One year,96.5,4774.5,Credit card,Yes,Yes,Yes,Yes
CUST100617,Male,0,No,Yes,12,Fiber optic,Month-to-month,80.9,917.38,Electronic check,Yes,Yes,Yes,No
CUST100618,Male,1,No,No,65,Fiber optic,Month-to-month,63.11,4155.94,Bank transfer,No,Yes,No internet,Yes
CUST100619,Male,0,Yes,No,54,DSL,Two year,107.51,5624.13,Electronic check,No,No internet,Yes,No
CUST100620,Male,1,Yes,Yes,5,No,Month-to-month,73.7,370.83,Mailed check,Yes,Yes,Yes,No
CUST100621,Male,0,Yes,No,57,DSL,One year,36.22,2020.53,Electronic check,No,No,No,No
CUST100622,Male,0,Yes,Yes,17,No,Month-to-month,61.01,994.78,Electronic check,Yes,No internet,No internet,Yes
CUST100623,Female,1,No,No,47,No,Two year,112.82,5387.93,Electronic check,Yes,No,No,No
CUST100624,Female,1,Yes,No,23,Fiber optic,Two year,55.26,1269.34,Bank transfer,No,No,No internet,No
CUST100625,Female,0,Yes,No,14,Fiber optic,Two year,78.88,1011.99,Mailed check,No,No internet,No internet,Yes
CUST100626,Female,1,No,Yes,66,DSL,Month-to-month,90.6,5861.25,Bank transfer,Yes,No,No,No
CUST100627,Female,0,No,No,51,No,Two year,86.75,4419.41,Mailed check,Yes,Yes,Yes,No
CUST100628,Male,0,Yes,No,38,DSL,Month-to-month,133.24,4952.94,Bank transfer,Yes,Yes,No,No
CUST100629,Female,0,Yes,No,64,No,One year,42.59,2822.26,Bank transfer,Yes,Yes,No,No
CUST100630,Male,1,No,No,38,Fiber optic,Month-to-month,45.09,1625.11,Credit card,No,No,Yes,No
CUST100631,Female,1,Yes,No,50,Fiber optic,Month-to-month,43.01,2149.52,Mailed check,Yes,Yes,No internet,No
CUST100632,Male,0,Yes,Yes,30,DSL,Two year,64.6,1782.38,Electronic check,No,No,No,No
CUST100633,Female,0,Yes,No,51,Fiber optic,Month-to-month,99.48,4921.85,Credit card,No,Yes,No internet,No
CUST100634,Female,0,No,No,63,Fiber optic,One year,46.21,2894.46,Electronic check,Yes,Yes,No,Yes
CUST100635,Male,0,Yes,No,52,Fiber optic,One year,99.83,5447.08,Credit card,Yes,No,Yes,Yes
CUST100636,Female,0,No,No,38,Fiber optic,One year,72.88,2724.48,Electronic check,No,Yes,No internet,Yes
CUST100637,Male,0,Yes,Yes,30,DSL,Month-to-month,44.28,1383.65,Bank transfer,Yes,No,No,No
CUST100638,Male,0,No,No,51,No,Month-to-month,28.22,1399.75,Electronic check,Yes,No internet,No,No
CUST100639,Female,0,Yes,Yes,5,No,Two year,33.81,,Credit card,Yes,No,No,No
CUST100640,Female,0,No,No,29,DSL,Month-to-month,55.35,1597.81,Bank transfer,Yes,Yes,Yes,No
CUST100641,Female,0,Yes,Yes,4,Fiber optic,Month-to-month,67.77,171.36,Electronic check,Yes,No internet,No,No
CUST100642,Male,0,No,No,10,DSL,Month-to-month,105.65,1036.55,Electronic check,Yes,Yes,Yes,Yes
CUST100643,Female,0,No,Yes,56,Fiber optic,Month-to-month,91.98,5008.37,Mailed check,No,No,No internet,No
CUST100644,Male,0,No,No,17,Fiber optic,Two year,51.03,796.41,Bank transfer,No,Yes,No,No
CUST100645,Female,0,No,Yes,17,Fiber optic,Month-to-month,82.22,1428.26,Mailed check,Yes,Yes,Yes,Yes
CUST100646,Female,0,Yes,No,69,DSL,One year,113.29,7764.64,Electronic check,Yes,No internet,Yes,No
CUST100647,Male,0,No,No,34,No,Month-to-month,118.85,4006.08,Bank transfer,Yes,No,No,Yes
CUST100648,Female,1,No,No,6,DSL,Month-to-month,64.14,459.93,Mailed check,Yes,No,No,Yes
CUST100649,Female,0,No,Yes,53,DSL,Month-to-month,95.96,5045.76,Electronic check,Yes,No,Yes,No
CUST100650,Male,0,No,No,66,Fiber optic,Month-to-month,106.75,7086.48,Electronic check,No,No,No internet,No
CUST100651,Female,0,No,Yes,43,DSL,Month-to-month,34.32,1428.09,Bank transfer,Yes,No internet,No internet,No
CUST100652,Male,0,No,No,23,DSL,One year,59.19,1434.7,Credit card,No,No,No,No
CUST100653,Female,1,Yes,Yes,55,Fiber optic,Month-to-month,127.5,7117.26,Electronic check,No,No,Yes,Yes
CUST100654,Female,0,No,No,16,Fiber optic,Month-to-month,64.47,874.08,Credit card,Yes,No,No internet,Yes
CUST100655,Female,0,Yes,No,8,No,Month-to-month,20.0,81.2,Electronic check,No,No internet,No,Yes
CUST100656,Female,0,No,No,4,DSL,Month-to-month,68.98,257.08,Mailed check,Yes,Yes,Yes,No
CUST100657,Male,0,No,No,4,No,Two year,100.12,345.71,Mailed check,No,No,No,No
CUST100658,Male,1,Yes,No,56,DSL,Month-to-month,72.16,4109.58,Electronic check,Yes,Yes,No internet,No
CUST100659,Female,0,Yes,No,25,No,Month-to-month,89.88,2264.55,Mailed check,Yes,Yes,No,Yes
CUST100660,Male,0,No,Yes,67,Fiber optic,Month-to-month,95.46,6320.16,Credit card,No,Yes,No internet,Yes
CUST100661,Female,1,No,Yes,67,Fiber optic,Two year,63.13,4343.11,Credit card,Yes,No,No internet,No
CUST100662,Male,0,No,No,27,Fiber optic,Month-to-month,59.02,1705.45,Electronic check,No,No internet,No,No
CUST100663,Female,0,Yes,No,32,Fiber optic,Two year,75.84,2320.43,Electronic check,Yes,No,No internet,No
CUST100664,Male,0,Yes,No,50,DSL,Month-to-month,76.44,3773.55,Credit card,No,No,Yes,No
CUST100665,Male,0,Yes,No,61,DSL,Two year,73.35,4541.1,Electronic check,Yes,No,Yes,No
CUST100666,Male,1,No,No,51,DSL,Two year,74.38,3867.69,Bank transfer,No,No,Yes,No
CUST100667,Male,0,Yes,Yes,19,Fiber optic,One year,53.29,1124.81,Electronic check,Yes,No internet,No,No
CUST100668,Female,1,Yes,Yes,21,No,Month-to-month,90.76,2103.72,Mailed check,Yes,No,Yes,No
CUST100669,Male,0,Yes,No,5,Fiber optic,Month-to-month,86.98,468.34,Electronic check,Yes,Yes,Yes,Yes
CUST100670,Male,0,Yes,No,42,Fiber optic,Month-to-month,38.6,1723.33,Credit card,No,Yes,Yes,No
CUST100671,Male,0,Yes,No,61,DSL,Month-to-month,62.27,4012.15,Credit card,Yes,No internet,No,Yes
CUST100672,Male,0,Yes,Yes,22,DSL,Month-to-month,74.33,1634.09,Electronic check,No,No internet,No,Yes
CUST100673,Male,0,Yes,No,21,Fiber optic,Month-to-month,58.64,1168.71,Credit card,Yes,Yes,No,Yes
CUST100674,Male,0,No,No,70,Fiber optic,One year,87.93,6175.49,Mailed check,No,Yes,No,No
CUST100675,Male,0,Yes,Yes,1,DSL,Month-to-month,70.33,197.79,Electronic check,No,No,Yes,No
CUST100676,Female,0,Yes,No,5,Fiber optic,Month-to-month,76.23,526.2,Bank transfer,No,No,No,No
CUST100677,Female,0,No,No,12,Fiber optic,Month-to-month,61.98,755.49,Bank transfer,No,No,Yes,No
CUST100678,Female,1,No,No,46,DSL,Two year,22.17,1006.61,Electronic check,Yes,No internet,No,No
CUST100679,Male,1,No,Yes,34,Fiber optic,Month-to-month,20.74,,Electronic check,Yes,No,No,Yes
CUST100680,Male,0,No,No,49,Fiber optic,One year,86.74,4256.65,Credit card,Yes,No internet,No,No
CUST100681,Female,1,Yes,Yes,45,DSL,Month-to-month,78.67,3445.87,Credit card,Yes,No,Yes,No
CUST100682,Female,0,No,Yes,27,No,Month-to-month,82.97,2162.43,Credit card,Yes,Yes,Yes,No
CUST100683,Female,0,Yes,Yes,26,No,Month-to-month,75.36,1978.26,Electronic check,Yes,No,Yes,Yes
CUST100684,Male,1,No,No,47,Fiber optic,Month-to-month,77.36,3533.72,Bank transfer,Yes,No,No,Yes
CUST100685,Female,0,No,Yes,56,Fiber optic,Two year,96.23,5417.31,Electronic check,Yes,Yes,Yes,Yes
CUST100686,Female,1,Yes,No,63,Fiber optic,One year,83.12,5312.48,Credit card,No,Yes,No,No
CUST100687,Male,0,Yes,No,48,Fiber optic,Month-to-month,98.02,4620.72,Electronic check,Yes,No,Yes,Yes
CUST100688,Female,0,No,No,61,DSL,Two year,76.29,4606.57,Mailed check,Yes,No,No internet,No
CUST100689,Female,0,Yes,No,26,DSL,Month-to-month,64.49,1561.02,Mailed check,No,No,No,No
CUST100690,Male,0,No,Yes,36,DSL,Two year,76.86,2814.45,Credit card,Yes,Yes,Yes,No
CUST100691,Male,0,No,Yes,1,Fiber optic,Two year,51.1,51.1,Bank transfer,Yes,No,No,No
CUST100692,Female,0,Yes,No,8,Fiber optic,Month-to-month,62.5,555.97,Mailed check,Yes,Yes,No,Yes
CUST100693,Female,0,No,Yes,52,DSL,Month-to-month,76.44,3998.06,Bank transfer,No,No,No internet,No
CUST100694,Female,1,Yes,Yes,47,Fiber optic,Month-to-month,76.11,3749.88,Credit card,Yes,No,No,No
CUST100695,Female,1,Yes,Yes,56,DSL,One year,69.34,4016.8,Electronic check,Yes,No,No,No
CUST100696,Male,0,No,No,14,DSL,Month-to-month,37.3,427.23,Credit card,Yes,No,No,Yes
CUST100697,Male,0,Yes,No,28,DSL,Two year,87.91,2607.49,Credit card,Yes,No,No,No
CUST100698,Male,0,No,No,2,Fiber optic,One year,92.86,142.94,Electronic check,No,No,No,No
CUST100699,Male,0,Yes,No,26,DSL,Month-to-month,113.09,2875.79,Electronic check,No,No,Yes,No
CUST100700,Male,1,No,No,14,Fiber optic,Month-to-month,83.04,1121.93,Mailed check,No,Yes,No,Yes
CUST100701,Male,0,Yes,Yes,59,Fiber optic,One year,72.04,4227.31,Electronic check,Yes,No,No,Yes
CUST100702,Female,0,Yes,Yes,56,DSL,Month-to-month,46.67,2786.25,Mailed check,No,No,No,No
CUST100703,Female,1,No,No,7,Fiber optic,One year,109.3,539.89,Bank transfer,Yes,No,Yes,No
CUST100704,Female,1,Yes,No,3,DSL,Month-to-month,78.2,382.78,Bank transfer,Yes,No,Yes,Yes
CUST100705,Male,0,Yes,No,23,DSL,Month-to-month,76.83,1833.45,Electronic check,Yes,No internet,No,No
CUST100706,Female,0,Yes,No,18,No,Month-to-month,65.65,1195.12,Bank transfer,No,Yes,No,Yes
CUST100707,Male,0,Yes,No,38,No,One year,64.05,2385.99,Bank transfer,No,Yes,Yes,No
CUST100708,Male,0,No,Yes,15,Fiber optic,Month-to-month,89.21,1330.74,Credit card,Yes,No internet,Yes,Yes
CUST100709,Male,0,No,No,64,No,One year,46.46,3041.54,Electronic check,No,No,No,No
CUST100710,Male,0,No,No,28,DSL,Month-to-month,112.64,3230.88,Bank transfer,No,Yes,Yes,No
CUST100711,Male,0,No,No,39,DSL,One year,107.19,4113.9,Credit card,Yes,No internet,No internet,No
CUST100712,Female,0,No,No,57,Fiber optic,One year,63.15,3661.43,Mailed check,No,Yes,Yes,No
CUST100713,Male,0,No,Yes,17,No,Month-to-month,50.4,809.75,Mailed check,Yes,No,Yes,No
CUST100714,Female,0,No,Yes,44,Fiber optic,One year,21.62,937.19,Electronic check,No,No,Yes,No
CUST100715,Male,0,Yes,No,25,DSL,Month-to-month,40.71,1122.75,Credit card,No,No,Yes,Yes
CUST100716,Female,0,No,Yes,17,Fiber optic,Month-to-month,90.25,1597.74,Mailed check,Yes,No,No,Yes
CUST100717,Female,0,No,No,13,DSL,Month-to-month,79.88,908.94,Credit card,No,Yes,Yes,No
CUST100718,Female,0,No,No,25,Fiber optic,One year,84.34,2119.3,Credit card,Yes,Yes,Yes,No
CUST100719,Female,0,Yes,No,68,Fiber optic,Two year,25.86,1792.03,Mailed check,No,No,No internet,No
CUST100720,Female,1,Yes,No,10,Fiber optic,One year,62.1,632.9,Bank transfer,Yes,Yes,Yes,Yes
CUST100721,Male,0,No,No,67,Fiber optic,Month-to-month,106.18,6912.7,Electronic check,No,No internet,Yes,No
CUST100722,Female,0,Yes,No,18,Fiber optic,One year,69.6,1144.43,Electronic check,Yes,No,Yes,No
CUST100723,Male,0,Yes,No,34,DSL,Month-to-month,40.19,1224.58,Bank transfer,No,Yes,No,Yes
CUST100724,Female,1,Yes,No,8,DSL,Two year,69.21,502.95,Bank transfer,Yes,No,No,No
CUST100725,Male,0,Yes,Yes,40,DSL,Month-to-month,52.72,2119.83,Mailed check,No,Yes,No internet,No
CUST100726,Male,0,No,No,42,DSL,Two year,80.34,3332.51,Credit card,Yes,Yes,No,No
CUST100727,Male,0,No,Yes,41,Fiber optic,One year,72.51,2923.23,Electronic check,Yes,No,No,Yes
CUST100728,Female,0,No,No,6,Fiber optic,One year,85.58,374.19,Mailed check,Yes,No internet,No internet,No
CUST100729,Male,0,Yes,Yes,52,Fiber optic,One year,41.55,2060.7,Mailed check,No,No,No,No
CUST100730,Female,0,No,No,26,No,Month-to-month,60.78,1503.84,Mailed check,Yes,Yes,Yes,No
CUST100731,Male,0,Yes,No,64,No,One year,99.26,6423.17,Credit card,Yes,No,No,No
CUST100732,Female,0,No,No,59,Fiber optic,Month-to-month,38.14,2284.75,Bank transfer,No,Yes,No,Yes
CUST100733,Male,0,No,No,56,Fiber optic,One year,46.92,2690.24,Mailed check,No,Yes,Yes,No
CUST100734,Female,0,Yes,Yes,59,No,One year,76.98,4578.78,Mailed check,Yes,No,Yes,No
CUST100735,Male,0,Yes,Yes,70,No,Two year,79.17,5607.68,Electronic check,Yes,No internet,No,No
CUST100736,Male,0,Yes,No,33,No,Month-to-month,59.78,1863.46,Mailed check,Yes,Yes,Yes,No
CUST100737,Male,0,No,No,53,DSL,Month-to-month,65.04,3554.02,Bank transfer,No,No,No,No
CUST100738,Female,0,Yes,No,22,DSL,Month-to-month,85.33,1961.1,Credit card,No,No internet,Yes,Yes
CUST100739,Male,0,No,No,21,Fiber optic,One year,93.24,1928.13,Credit card,No,Yes,No,No
CUST100740,Male,1,Yes,Yes,70,Fiber optic,Month-to-month,45.27,3246.5,Electronic check,No,Yes,Yes,Yes
CUST100741,Male,0,No,No,70,DSL,Month-to-month,81.11,5774.97,Mailed check,Yes,No internet,No,No
CUST100742,Male,0,Yes,No,4,DSL,Two year,109.8,434.96,Electronic check,Yes,No,No,No
CUST100743,Female,0,Yes,No,62,DSL,One year,69.1,4327.18,Electronic check,Yes,Yes,No internet,Yes
CUST100744,Female,0,Yes,No,62,Fiber optic,Month-to-month,45.0,2748.47,Mailed check,Yes,No,No,No
CUST100745,Female,0,Yes,Yes,24,Fiber optic,Month-to-month,43.85,1158.0,Mailed check,No,Yes,No,No
CUST100746,Male,0,Yes,No,55,Fiber optic,One year,67.98,3702.73,Electronic check,Yes,No,No internet,No
CUST100747,Female,0,Yes,No,9,Fiber optic,Month-to-month,97.9,906.21,Bank transfer,No,No,Yes,Yes
CUST100748,Male,1,Yes,No,3,Fiber optic,One year,70.98,209.5,Bank transfer,No,No,Yes,No
CUST100749,Male,0,No,No,31,DSL,Month-to-month,76.73,2332.03,Electronic check,No,No,No,Yes
CUST100750,Male,0,No,No,40,DSL,Two year,47.09,1747.22,Bank transfer,Yes,Yes,Yes,No
CUST100751,Female,0,Yes,Yes,36,Fiber optic,Month-to-month,96.58,3547.77,Electronic check,Yes,Yes,No internet,Yes
CUST100752,Male,0,Yes,Yes,24,DSL,Month-to-month,43.36,1037.8,Bank transfer,Yes,Yes,No,Yes
CUST100753,Female,0,No,Yes,6,Fiber optic,One year,59.39,502.88,Credit card,Yes,No,No,No
CUST100754,Male,0,No,Yes,66,DSL,One year,87.75,5888.84,Mailed check,Yes,No,No,No
CUST100755,Female,0,No,No,4,Fiber optic,Month-to-month,21.01,180.23,Credit card,Yes,Yes,No internet,No
CUST100756,Female,1,Yes,No,6,Fiber optic,One year,76.35,516.77,Electronic check,No,No,Yes,Yes
CUST100757,Female,0,No,No,51,No,Month-to-month,46.02,2407.36,Bank transfer,No,No,No,No
CUST100758,Male,0,No,Yes,62,Fiber optic,Two year,72.41,4501.93,Bank transfer,No,No,Yes,No
CUST100759,Female,0,No,Yes,57,Fiber optic,Two year,63.2,3668.36,Bank transfer,Yes,Yes,No,No
CUST100760,Female,0,No,No,66,Fiber optic,Month-to-month,124.65,8191.07,Credit card,No,Yes,No,Yes
CUST100761,Male,0,Yes,Yes,8,Fiber optic,Two year,62.17,302.0,Bank transfer,No,Yes,No internet,No
CUST100762,Female,0,Yes,No,26,Fiber optic,Month-to-month,118.07,3126.44,Credit card,No,No,No,No
CUST100763,Female,0,No,No,51,No,Month-to-month,86.67,4478.58,Electronic check,Yes,No,Yes,No
CUST100764,Female,0,No,No,45,DSL,Two year,51.96,2232.47,Mailed check,No,No,No internet,No
CUST100765,Male,0,Yes,No,44,DSL,One year,80.27,3572.98,Bank transfer,No,No internet,No internet,No
CUST100766,Female,1,Yes,No,5,Fiber optic,Month-to-month,64.39,361.81,Bank transfer,Yes,No internet,Yes,Yes
CUST100767,Female,0,No,No,70,Fiber optic,Month-to-month,78.05,5549.82,Credit card,Yes,Yes,Yes,Yes
CUST100768,Female,0,No,Yes,26,Fiber optic,Month-to-month,54.15,1399.44,Electronic check,No,Yes,Yes,Yes
CUST100769,Male,1,Yes,No,68,Fiber optic,Two year,114.25,7647.24,Mailed check,No,No,No,No
CUST100770,Female,0,Yes,Yes,19,DSL,Month-to-month,95.13,1768.75,Bank transfer,No,Yes,No,Yes
CUST100771,Female,1,Yes,No,20,Fiber optic,Month-to-month,72.79,1416.79,Credit card,Yes,No,Yes,No
CUST100772,Male,0,No,Yes,12,No,Month-to-month,115.23,1373.38,Credit card,Yes,No internet,No,No
CUST100773,Female,1,Yes,Yes,47,Fiber optic,Month-to-month,73.86,3481.19,Electronic check,Yes,No,No,No
CUST100774,Female,0,Yes,Yes,1,Fiber optic,Month-to-month,99.44,99.44,Electronic check,No,Yes,Yes,No
CUST100775,Female,1,Yes,No,14,Fiber optic,Month-to-month,72.96,1053.13,Mailed check,No,Yes,Yes,No
CUST100776,Male,0,Yes,No,64,Fiber optic,Month-to-month,81.85,5150.55,Mailed check,Yes,No,No,No
CUST100777,Female,0,No,No,38,Fiber optic,Month-to-month,69.96,2687.27,Credit card,No,No,No internet,No
CUST100778,Male,0,Yes,No,37,Fiber optic,Two year,74.38,2691.34,Mailed check,No,Yes,No,No
CUST100779,Female,0,No,No,11,Fiber optic,Month-to-month,76.26,822.75,Electronic check,Yes,Yes,No,Yes
CUST100780,Female,0,Yes,No,3,DSL,One year,55.26,55.26,Mailed check,Yes,Yes,Yes,No
CUST100781,Male,0,Yes,No,33,DSL,One year,61.97,2120.51,Mailed check,Yes,No internet,Yes,No
CUST100782,Female,0,Yes,Yes,6,Fiber optic,Two year,66.58,374.99,Credit card,Yes,No,Yes,No
CUST100783,Female,0,No,No,50,Fiber optic,Two year,77.74,3914.1,Electronic check,Yes,No internet,Yes,No
CUST100784,Male,0,No,Yes,10,DSL,Month-to-month,71.24,646.71,Electronic check,No,No,No,No
CUST100785,Male,0,No,No,5,No,Month-to-month,101.33,461.87,Credit card,No,No,No,No
CUST100786,Male,0,No,No,23,DSL,Month-to-month,93.18,2065.86,Electronic check,Yes,Yes,Yes,Yes
CUST100787,Female,0,No,No,10,Fiber optic,Month-to-month,67.09,683.6,Bank transfer,Yes,Yes,No,Yes
CUST100788,Male,1,Yes,Yes,44,DSL,One year,106.54,4733.78,Mailed check,Yes,No,Yes,No
CUST100789,Female,0,No,Yes,2,DSL,One year,118.83,157.57,Bank transfer,Yes,No internet,No internet,Yes
CUST100790,Male,0,Yes,Yes,13,Fiber optic,Two year,20.9,282.89,Electronic check,No,Yes,No,No
CUST100791,Male,0,Yes,No,40,No,Month-to-month,95.31,3792.81,Electronic check,Yes,Yes,No,Yes
CUST100792,Male,0,Yes,No,2,Fiber optic,Two year,54.68,124.89,Mailed check,Yes,No,No,No
CUST100793,Female,0,Yes,No,65,No,Month-to-month,92.02,5909.42,Electronic check,No,Yes,No,No
CUST100794,Female,0,No,No,63,DSL,Month-to-month,102.96,6523.68,Bank transfer,No,No,No,Yes
CUST100795,Female,0,No,Yes,17,DSL,Month-to-month,50.08,829.05,Electronic check,Yes,Yes,No internet,No
CUST100796,Male,1,No,Yes,9,DSL,One year,25.69,220.14,Bank transfer,Yes,Yes,No,No
CUST100797,Female,0,Yes,No,15,Fiber optic,Month-to-month,92.89,1580.59,Credit card,No,No,No,Yes
CUST100798,Female,0,Yes,Yes,24,DSL,Two year,75.39,1668.4,Electronic check,Yes,No,No,No
CUST100799,Male,0,Yes,No,38,No,Two year,30.29,1194.24,Electronic check,Yes,No,No,No
CUST100800,Female,0,Yes,No,35,DSL,Two year,135.24,4768.22,Credit card,No,Yes,No,No
CUST100801,Male,0,Yes,No,49,No,Month-to-month,87.61,4343.33,Bank transfer,No,No internet,No,Yes
CUST100802,Male,0,Yes,No,69,No,Two year,,6170.61,Electronic check,No,Yes,Yes,No
CUST100803,Female,0,Yes,No,62,No,One year,106.15,6596.76,Mailed check,Yes,Yes,No,No
CUST100804,Male,1,No,No,60,DSL,Month-to-month,57.48,3481.47,Electronic check,Yes,No,No internet,No
CUST100805,Female,0,No,Yes,50,DSL,Month-to-month,75.26,3977.86,Electronic check,Yes,Yes,No internet,No
CUST100806,Male,0,No,No,9,Fiber optic,Month-to-month,39.02,337.39,Credit card,No,No,No,Yes
CUST100807,Female,0,Yes,No,34,DSL,Month-to-month,56.8,1916.59,Bank transfer,No,No internet,Yes,No
CUST100808,Female,0,Yes,No,35,Fiber optic,Month-to-month,81.64,2772.04,Bank transfer,Yes,No,No,No
CUST100809,Female,0,No,Yes,1,Fiber optic,Two year,30.37,30.37,Electronic check,Yes,No,Yes,No
CUST100810,Male,0,Yes,No,40,Fiber optic,Month-to-month,56.09,2261.49,Electronic check,No,No,No,No
CUST100811,Female,0,No,Yes,64,No,Month-to-month,48.8,3152.72,Credit card,Yes,Yes,No,No
CUST100812,Male,0,Yes,No,22,No,Two year,75.55,1653.08,Electronic check,Yes,No,No internet,No
CUST100813,Female,0,No,No,60,DSL,Month-to-month,86.37,5234.4,Mailed check,Yes,Yes,Yes,No
CUST100814,Female,0,No,No,64,Fiber optic,Two year,90.55,5763.13,Electronic check,No,No internet,No,No
CUST100815,Male,1,No,No,72,DSL,Month-to-month,96.97,7180.66,Bank transfer,No,Yes,Yes,No
CUST100816,Female,0,No,No,11,DSL,One year,106.3,1181.51,Electronic check,Yes,No,No,No
CUST100817,Female,0,No,No,14,Fiber optic,Month-to-month,87.18,1274.43,Electronic check,Yes,No internet,Yes,No
CUST100818,Male,0,Yes,No,60,Fiber optic,One year,119.18,7163.72,Credit card,Yes,No,No internet,No
CUST100819,Female,0,No,No,30,Fiber optic,Month-to-month,74.99,,Bank transfer,Yes,No internet,No,Yes
CUST100820,Female,0,Yes,No,35,DSL,One year,67.67,2327.88,Electronic check,Yes,No,Yes,No
CUST100821,Male,0,No,Yes,37,DSL,Month-to-month,87.18,3133.92,Bank transfer,Yes,Yes,Yes,No
CUST100822,Female,0,No,Yes,5,Fiber optic,Two year,66.59,195.16,Electronic check,No,No,No,No
CUST100823,Female,0,Yes,Yes,26,No,Month-to-month,118.31,3152.04,Mailed check,Yes,Yes,Yes,No
CUST100824,Male,0,No,No,62,Fiber optic,Month-to-month,100.27,6168.0,Bank transfer,No,Yes,Yes,No
CUST100825,Male,0,Yes,No,4,Fiber optic,One year,90.76,357.9,Electronic check,No,No,No,No
CUST100826,Female,0,No,Yes,42,Fiber optic,Month-to-month,75.29,3284.8,Mailed check,Yes,No,No,Yes
CUST100827,Male,0,No,No,18,Fiber optic,One year,61.81,1206.09,Bank transfer,Yes,No internet,Yes,Yes
CUST100828,Female,0,No,Yes,40,Fiber optic,Two year,89.53,3593.2,Credit card,No,No internet,No,No
CUST100829,Male,0,No,Yes,72,Fiber optic,One year,43.82,3138.19,Mailed check,No,No internet,No,No
CUST100830,Female,0,No,No,39,DSL,Month-to-month,110.36,4291.77,Electronic check,Yes,Yes,No internet,No
CUST100831,Male,0,Yes,No,14,Fiber optic,One year,67.56,1122.04,Electronic check,Yes,No,No,No
CUST100832,Female,0,Yes,Yes,32,DSL,One year,79.63,2561.95,Mailed check,No,No,No,No
CUST100833,Female,1,No,Yes,51,DSL,Two year,49.26,2751.61,Electronic check,Yes,No internet,No,No
CUST100834,Female,0,Yes,Yes,38,Fiber optic,Month-to-month,90.07,3318.61,Mailed check,Yes,No,No,Yes
CUST100835,Male,0,No,No,23,DSL,Month-to-month,60.66,1398.94,Bank transfer,No,Yes,Yes,No
CUST100836,Male,0,Yes,No,63,Fiber optic,Month-to-month,88.23,5651.75,Electronic check,No,No internet,Yes,No
CUST100837,Female,0,Yes,No,15,DSL,Month-to-month,90.93,1450.36,Electronic check,No,Yes,No,No
CUST100838,Male,0,No,No,25,No,Month-to-month,55.81,1445.78,Mailed check,Yes,No,No internet,No
CUST100839,Male,0,Yes,No,17,Fiber optic,Month-to-month,43.91,697.64,Electronic check,Yes,No,No internet,Yes
CUST100840,Male,0,No,Yes,66,No,Two year,110.3,7174.76,Credit card,No,No,No,No
CUST100841,Male,1,No,No,53,DSL,Two year,67.19,3546.77,Mailed check,No,No,No,No
CUST100842,Male,0,Yes,No,51,No,One year,77.62,4042.08,Credit card,Yes,No,Yes,No
CUST100843,Male,0,Yes,No,39,DSL,Month-to-month,84.14,3417.46,Credit card,No,No,Yes,No
CUST100844,Female,0,Yes,No,51,Fiber optic,Month-to-month,40.66,2082.53,Credit card,Yes,Yes,No,No
CUST100845,Female,0,No,Yes,70,No,Two year,83.57,5842.05,Electronic check,Yes,Yes,No,No
CUST100846,Male,0,Yes,Yes,6,Fiber optic,Two year,74.48,463.58,Credit card,Yes,Yes,Yes,No
CUST100847,Male,0,No,No,67,Fiber optic,Two year,55.91,3763.58,Electronic check,No,No,No,No
CUST100848,Male,0,No,No,7,Fiber optic,One year,43.09,396.56,Electronic check,No,Yes,No,No
CUST100849,Female,1,Yes,No,51,Fiber optic,Month-to-month,87.15,4415.18,Mailed check,No,No,No internet,No
CUST100850,Female,1,No,No,72,DSL,Two year,100.19,7204.22,Electronic check,Yes,No,Yes,No
CUST100851,Male,0,No,No,42,DSL,Month-to-month,76.46,3248.28,Electronic check,No,No,No,No
CUST100852,Female,0,Yes,No,64,No,Month-to-month,36.14,2262.38,Electronic check,Yes,No,No,No
CUST100853,Female,0,No,Yes,15,Fiber optic,One year,45.57,610.0,Electronic check,Yes,No,Yes,No
CUST100854,Female,0,Yes,No,29,No,Month-to-month,61.2,1887.09,Bank transfer,Yes,No,No,No
CUST100855,Female,0,No,No,33,No,Month-to-month,111.12,,Electronic check,Yes,No,Yes,Yes
CUST100856,Female,1,Yes,No,27,Fiber optic,Month-to-month,65.83,1848.66,Bank transfer,Yes,Yes,No,Yes
CUST100857,Female,0,No,Yes,36,Fiber optic,Month-to-month,60.29,2225.66,Credit card,Yes,No internet,No,No
CUST100858,Male,0,Yes,Yes,29,DSL,Two year,30.16,764.61,Mailed check,Yes,No,No internet,No
CUST100859,Female,1,Yes,Yes,38,DSL,Month-to-month,55.58,2059.84,Bank transfer,Yes,Yes,No,No
CUST100860,Male,1,Yes,No,57,DSL,Month-to-month,41.18,2352.36,Credit card,Yes,No,Yes,No
CUST100861,Male,0,No,No,27,DSL,Month-to-month,46.92,1247.59,Electronic check,Yes,No internet,No internet,No
CUST100862,Female,0,No,Yes,55,DSL,Month-to-month,75.0,4144.58,Mailed check,Yes,Yes,No internet,No
CUST100863,Female,0,Yes,Yes,33,Fiber optic,Month-to-month,61.97,2059.86,Credit card,No,No,No,No
CUST100864,Male,0,No,No,68,DSL,One year,114.49,7848.17,Credit card,Yes,Yes,Yes,No
CUST100865,Female,0,Yes,No,66,Fiber optic,Month-to-month,98.95,6527.21,Bank transfer,No,No,Yes,No
CUST100866,Male,0,No,No,10,DSL,One year,56.78,573.36,Electronic check,No,No internet,No,No
CUST100867,Male,1,No,Yes,5,DSL,Two year,49.08,130.41,Credit card,No,No,No,No
CUST100868,Female,0,No,No,38,DSL,One year,106.57,4001.57,Electronic check,No,No,Yes,No
CUST100869,Female,0,No,No,13,No,Month-to-month,113.5,1431.37,Mailed check,Yes,No internet,No,Yes
CUST100870,Female,0,Yes,Yes,31,Fiber optic,Month-to-month,20.0,584.48,Mailed check,Yes,No,Yes,No
CUST100871,Male,0,No,Yes,47,DSL,Two year,74.32,3463.36,Mailed check,Yes,No,No internet,No
CUST100872,Male,1,Yes,No,52,DSL,Month-to-month,65.7,3464.4,Credit card,No,No,No internet,No
CUST100873,Female,0,No,No,56,No,Two year,88.23,5082.65,Credit card,Yes,No,No,No
CUST100874,Female,0,No,No,15,DSL,Two year,120.57,1700.56,Bank transfer,Yes,No,Yes,No
CUST100875,Female,0,No,No,29,Fiber optic,Two year,59.9,1721.08,Electronic check,No,No internet,No,No
CUST100876,Female,0,No,No,8,No,Two year,20.48,94.56,Bank transfer,No,No,Yes,No
CUST100877,Male,1,Yes,No,5,DSL,One year,86.48,325.33,Bank transfer,No,No,Yes,No
CUST100878,Female,0,Yes,No,29,Fiber optic,Month-to-month,106.75,3053.52,Mailed check,Yes,Yes,No,Yes
CUST100879,Male,0,Yes,No,47,DSL,Two year,64.41,2943.06,Credit card,Yes,No,Yes,No
CUST100880,Female,0,Yes,Yes,68,No,Month-to-month,54.37,3715.77,Credit card,Yes,No,No,No
CUST100881,Male,1,Yes,Yes,45,DSL,Month-to-month,61.07,2735.14,Bank transfer,Yes,No,Yes,No
CUST100882,Male,0,Yes,No,2,Fiber optic,One year,93.26,162.64,Electronic check,No,Yes,Yes,No
CUST100883,Male,0,Yes,Yes,27,DSL,One year,60.64,1661.91,Bank transfer,Yes,No internet,Yes,No
CUST100884,Female,0,Yes,No,36,DSL,Two year,80.22,2773.38,Credit card,Yes,Yes,No,No
CUST100885,Female,0,Yes,Yes,36,DSL,One year,72.7,2536.17,Mailed check,Yes,Yes,Yes,No
CUST100886,Female,0,Yes,No,26,Fiber optic,Month-to-month,70.12,1851.53,Credit card,No,No,No internet,No
CUST100887,Male,0,Yes,Yes,43,Fiber optic,Two year,89.53,3767.91,Electronic check,Yes,No,No,No
CUST100888,Female,1,Yes,No,27,DSL,Two year,60.04,1457.74,Bank transfer,No,Yes,No,No
CUST100889,Female,0,Yes,No,69,DSL,One year,61.24,4353.75,Bank transfer,No,No,No internet,No
CUST100890,Female,0,Yes,Yes,20,Fiber optic,Month-to-month,91.94,1866.17,Bank transfer,Yes,No,No,Yes
CUST100891,Male,0,No,No,11,Fiber optic,Month-to-month,47.33,601.92,Credit card,Yes,Yes,No,No
CUST100892,Female,0,Yes,No,38,Fiber optic,One year,49.99,1841.59,Electronic check,No,Yes,Yes,No
CUST100893,Male,0,No,No,6,DSL,Month-to-month,40.49,132.34,Electronic check,No,No internet,No,Yes
CUST100894,Male,0,Yes,No,72,Fiber optic,Month-to-month,93.23,6735.58,Bank transfer,Yes,Yes,No,Yes
CUST100895,Female,0,No,No,23,Fiber optic,One year,69.37,1507.38,Electronic check,Yes,Yes,Yes,No
CUST100896,Female,0,No,No,47,Fiber optic,Month-to-month,39.16,1922.06,Mailed check,No,No,Yes,No
CUST100897,Male,0,Yes,No,46,DSL,Month-to-month,93.35,4313.18,Electronic check,Yes,No,No,No
CUST100898,Female,0,Yes,No,12,Fiber optic,Month-to-month,58.11,712.93,Electronic check,Yes,No,Yes,Yes
CUST100899,Male,0,No,Yes,13,Fiber optic,Month-to-month,50.21,669.21,Bank transfer,No,No internet,No,No
CUST100900,Male,0,No,No,62,No,One year,67.11,4323.52,Bank transfer,Yes,No,Yes,No
CUST100901,Male,1,Yes,No,60,Fiber optic,Month-to-month,108.97,6590.59,Electronic check,No,Yes,No,No
CUST100902,Female,0,No,No,43,Fiber optic,Month-to-month,62.13,2655.38,Electronic check,Yes,No,Yes,No
CUST100903,Male,0,No,Yes,68,No,One year,86.38,5884.78,Electronic check,Yes,No,No,No
CUST100904,Male,0,Yes,Yes,5,Fiber optic,Two year,90.18,381.31,Mailed check,No,Yes,Yes,No
CUST100905,Female,0,Yes,No,37,DSL,One year,83.08,3032.02,Electronic check,Yes,Yes,No,Yes
CUST100906,Male,0,Yes,Yes,72,Fiber optic,Month-to-month,103.78,7572.27,Mailed check,No,No,No internet,No
CUST100907,Male,0,Yes,Yes,31,DSL,Month-to-month,54.32,1687.32,Bank transfer,Yes,Yes,No,No
CUST100908,Female,0,Yes,Yes,9,Fiber optic,Two year,45.92,474.3,Bank transfer,Yes,No internet,Yes,No
CUST100909,Male,0,Yes,No,51,DSL,Month-to-month,45.43,2245.77,Electronic check,Yes,No,No,No
CUST100910,Female,0,Yes,No,29,Fiber optic,One year,68.39,2051.03,Bank transfer,No,Yes,No,Yes
CUST100911,Female,0,No,No,40,Fiber optic,Month-to-month,48.32,1916.98,Credit card,Yes,Yes,No internet,No
CUST100912,Male,0,No,No,41,DSL,Month-to-month,75.69,3121.48,Mailed check,Yes,No internet,No,No
CUST100913,Female,0,Yes,No,11,No,Two year,73.92,817.96,Electronic check,Yes,No,Yes,No
CUST100914,Male,0,Yes,No,23,Fiber optic,One year,97.46,2256.15,Bank transfer,No,No,Yes,No
CUST100915,Female,0,No,Yes,1,DSL,One year,79.28,79.28,Electronic check,Yes,No,No,Yes
CUST100916,Male,0,Yes,No,46,Fiber optic,Month-to-month,61.6,2936.34,Bank transfer,No,No internet,Yes,No
CUST100917,Female,1,Yes,No,21,DSL,Month-to-month,82.27,1607.26,Credit card,No,No,No internet,No
CUST100918,Male,0,No,Yes,36,Fiber optic,One year,46.25,1707.68,Mailed check,Yes,Yes,No internet,No
CUST100919,Male,0,Yes,No,54,DSL,One year,71.05,3783.23,Bank transfer,Yes,Yes,No,Yes
CUST100920,Female,0,Yes,No,57,Fiber optic,Month-to-month,79.99,4482.93,Bank transfer,No,No,Yes,No
CUST100921,Male,1,No,No,1,Fiber optic,Month-to-month,75.23,246.29,Electronic check,Yes,No internet,No,Yes
CUST100922,Male,0,Yes,Yes,63,Fiber optic,Month-to-month,82.38,5113.86,Electronic check,No,Yes,No,No
CUST100923,Female,0,No,Yes,54,Fiber optic,Two year,55.9,2873.22,Credit card,Yes,No,No,No
CUST100924,Female,0,Yes,No,55,No,One year,100.8,5620.47,Credit card,Yes,Yes,Yes,No
CUST100925,Female,0,Yes,Yes,40,No,Two year,117.55,4662.53,Credit card,No,No internet,No,No
CUST100926,Male,0,Yes,No,15,DSL,Month-to-month,31.93,580.92,Credit card,Yes,No,Yes,No
CUST100927,Male,0,No,No,21,Fiber optic,Two year,41.61,693.7,Electronic check,Yes,No,Yes,No
CUST100928,Male,0,No,No,47,Fiber optic,Month-to-month,73.08,3583.06,Electronic check,No,Yes,No internet,Yes
CUST100929,Female,0,Yes,No,53,DSL,Month-to-month,65.59,3551.74,Mailed check,No,Yes,No internet,No
CUST100930,Male,0,No,No,9,No,Two year,119.41,1058.05,Electronic check,Yes,No,No,No
CUST100931,Male,0,No,No,52,Fiber optic,Month-to-month,77.49,3890.87,Credit card,No,No,No internet,No
CUST100932,Male,0,No,No,57,DSL,Month-to-month,106.81,5981.65,Credit card,No,Yes,Yes,Yes
CUST100933,Female,0,Yes,No,26,No,Month-to-month,20.77,484.71,Credit card,No,No internet,No,No
CUST100934,Female,0,Yes,No,41,No,Month-to-month,92.35,3843.44,Bank transfer,No,No,No,No
CUST100935,Male,1,Yes,Yes,35,Fiber optic,One year,54.11,1824.89,Electronic check,No,No,No,No
CUST100936,Female,0,No,No,63,Fiber optic,One year,53.71,3219.72,Electronic check,No,Yes,Yes,No
CUST100937,Female,0,No,No,25,DSL,One year,65.79,1662.98,Mailed check,Yes,Yes,No internet,No
CUST100938,Male,1,Yes,No,38,DSL,One year,36.39,1462.52,Bank transfer,No,No,No,No
CUST100939,Female,1,Yes,Yes,2,Fiber optic,One year,83.07,341.91,Mailed check,Yes,,No,No
CUST100940,Female,0,No,No,7,Fiber optic,Month-to-month,76.77,455.34,Credit card,Yes,No,No,Yes
CUST100941,Female,1,No,No,34,DSL,Month-to-month,78.65,2600.49,Credit card,No,No internet,Yes,Yes
CUST100942,Male,0,No,No,17,Fiber optic,Two year,94.18,1361.55,Electronic check,Yes,No,Yes,No
CUST100943,Female,0,Yes,No,43,Fiber optic,Month-to-month,109.87,4600.61,Electronic check,No,Yes,No,No
CUST100944,Female,0,No,No,59,DSL,One year,62.91,3626.39,Bank transfer,No,No internet,No,No
CUST100945,Male,0,Yes,No,51,DSL,Month-to-month,83.93,4208.96,Electronic check,Yes,No,No,No
CUST100946,Male,0,No,Yes,54,DSL,One year,79.32,4240.58,Credit card,Yes,Yes,Yes,No
CUST100947,Male,0,No,No,24,Fiber optic,One year,81.44,2001.9,Bank transfer,Yes,Yes,No internet,No
CUST100948,Male,0,No,Yes,25,DSL,Month-to-month,81.81,2086.17,Electronic check,No,No,No,Yes
CUST100949,Male,0,No,No,71,DSL,Month-to-month,111.76,7893.86,Mailed check,No,No,No,No
CUST100950,Female,1,Yes,No,52,Fiber optic,One year,60.51,3147.74,Mailed check,Yes,Yes,No,No
CUST100951,Male,0,Yes,No,70,DSL,Month-to-month,33.86,2261.58,Credit card,No,No,No,No
CUST100952,Female,0,No,No,33,Fiber optic,Month-to-month,54.55,1754.91,Electronic check,Yes,No,Yes,No
CUST100953,Male,0,Yes,No,49,Fiber optic,One year,90.93,4352.21,Credit card,Yes,No internet,No,No
CUST100954,Female,0,Yes,Yes,29,Fiber optic,Month-to-month,72.58,2045.63,Bank transfer,Yes,No,Yes,No
CUST100955,Male,0,No,Yes,63,Fiber optic,Two year,60.31,3947.98,Bank transfer,Yes,No internet,No internet,No
CUST100956,Female,0,No,Yes,22,Fiber optic,Month-to-month,45.09,1003.61,Electronic check,No,No,No internet,Yes
CUST100957,Male,0,No,No,26,DSL,Month-to-month,77.53,1968.24,Bank transfer,Yes,Yes,No,Yes
CUST100958,Female,1,No,No,28,Fiber optic,One year,88.11,2505.31,Bank transfer,No,Yes,Yes,No
CUST100959,Female,0,No,Yes,49,No,Month-to-month,79.65,3871.26,Mailed check,No,Yes,Yes,No
CUST100960,Male,0,No,No,71,DSL,Month-to-month,65.67,4797.28,Credit card,Yes,No,No,Yes
CUST100961,Female,0,No,Yes,49,Fiber optic,Month-to-month,75.67,3736.04,Bank transfer,Yes,No internet,No internet,No
CUST100962,Female,0,Yes,Yes,20,Fiber optic,Month-to-month,75.52,1417.55,Credit card,Yes,Yes,No,Yes
CUST100963,Male,0,No,Yes,63,DSL,Month-to-month,76.74,4940.14,Electronic check,Yes,No,No,No
CUST100964,Female,0,No,No,61,DSL,Month-to-month,42.39,2635.33,Credit card,Yes,Yes,No,No
CUST100965,Female,0,Yes,Yes,49,Fiber optic,Month-to-month,76.93,3806.95,Electronic check,Yes,No,No,No
CUST100966,Male,0,No,No,71,Fiber optic,Month-to-month,60.99,4396.41,Credit card,Yes,No internet,No,No
CUST100967,Female,0,No,No,1,DSL,One year,98.02,156.33,Credit card,No,Yes,Yes,No
CUST100968,Male,0,No,No,13,Fiber optic,One year,75.32,1020.11,Electronic check,Yes,No,No,No
CUST100969,Female,1,Yes,No,51,No,Month-to-month,92.89,4724.47,Mailed check,No,Yes,Yes,No
CUST100970,Female,0,No,No,56,DSL,One year,64.46,3682.27,Bank transfer,Yes,No,No,No
CUST100971,Female,1,Yes,Yes,62,Fiber optic,Two year,65.36,4038.54,Electronic check,No,Yes,No,No
CUST100972,Female,0,Yes,No,32,Fiber optic,One year,109.36,3605.77,Mailed check,Yes,No,No,No
CUST100973,Male,1,Yes,No,30,Fiber optic,One year,82.91,2527.14,Mailed check,No,No,No,No
CUST100974,Male,0,Yes,No,29,DSL,Month-to-month,54.14,1585.05,Credit card,Yes,No,Yes,No
CUST100975,Female,0,No,No,49,Fiber optic,Two year,94.42,4677.18,Credit card,Yes,Yes,No,No
CUST100976,Female,0,No,No,45,Fiber optic,Month-to-month,58.67,2652.79,Bank transfer,No,No,No internet,No
CUST100977,Male,0,No,Yes,30,DSL,Month-to-month,77.64,2431.19,Bank transfer,No,No,No,No
CUST100978,Male,0,No,No,16,Fiber optic,One year,117.92,1962.63,Bank transfer,No,No,Yes,No
CUST100979,Male,0,Yes,Yes,40,DSL,Month-to-month,36.22,1454.63,Mailed check,Yes,Yes,Yes,Yes
CUST100980,Female,0,Yes,Yes,19,DSL,Month-to-month,67.61,1023.89,Mailed check,No,No,Yes,No
CUST100981,Female,0,No,No,18,Fiber optic,One year,82.21,1548.83,Bank transfer,Yes,No,Yes,No
CUST100982,Female,1,Yes,No,1,No,One year,91.12,124.45,Credit card,Yes,Yes,Yes,No
CUST100983,Male,0,Yes,No,47,DSL,One year,40.97,2119.77,Bank transfer,No,Yes,Yes,No
CUST100984,Female,0,Yes,Yes,66,Fiber optic,Two year,33.61,2114.31,Bank transfer,Yes,No internet,No internet,No
CUST100985,Male,0,Yes,No,38,Fiber optic,Month-to-month,99.27,3754.78,Credit card,No,Yes,No,No
CUST100986,Male,0,No,No,51,Fiber optic,Month-to-month,53.99,2629.78,Mailed check,Yes,No internet,No,No
CUST100987,Female,0,No,Yes,63,DSL,One year,52.94,3276.99,Bank transfer,No,No,Yes,No
CUST100988,Male,0,No,Yes,4,Fiber optic,Month-to-month,110.76,567.68,Mailed check,Yes,No,No internet,No
CUST100989,Female,0,No,No,1,No,One year,73.74,73.74,Electronic check,Yes,No,No,No
CUST100990,Male,0,No,Yes,8,DSL,Month-to-month,73.91,479.89,Bank transfer,Yes,Yes,No internet,No
CUST100991,Female,1,Yes,No,29,Fiber optic,Month-to-month,67.51,2004.19,Bank transfer,No,Yes,No,No
CUST100992,Female,0,Yes,Yes,55,DSL,Month-to-month,41.4,2292.5,Mailed check,No,Yes,Yes,No
CUST100993,Male,0,Yes,No,3,Fiber optic,One year,88.89,240.33,Bank transfer,Yes,No internet,No internet,Yes
CUST100994,Male,0,Yes,No,32,DSL,Month-to-month,82.24,2426.4,Bank transfer,No,No,No,No
CUST100995,Female,0,No,No,10,DSL,Month-to-month,76.22,863.5,Bank transfer,Yes,No,No,No
CUST100996,Female,0,No,No,34,Fiber optic,Month-to-month,69.09,2330.25,Credit card,No,Yes,No,Yes
CUST100997,Male,1,Yes,No,55,Fiber optic,Month-to-month,64.69,3476.31,Mailed check,No,No,No,No
CUST100998,Female,0,No,No,32,No,Month-to-month,94.81,3059.64,Credit card,Yes,Yes,No,Yes
CUST100999,Female,0,Yes,No,50,DSL,Month-to-month,68.47,3523.99,Bank transfer,No,Yes,No,No
CUST101000,Male,0,No,No,7,No,Month-to-month,70.4,471.5,Credit card,Yes,Yes,No,Yes
CUST101001,Male,1,Yes,Yes,8,Fiber optic,Month-to-month,85.25,630.06,Bank transfer,Yes,No,No,No
CUST101002,Male,0,Yes,No,65,Fiber optic,Month-to-month,77.2,5020.84,Electronic check,No,No,No internet,No
CUST101003,Female,0,Yes,No,57,Fiber optic,One year,113.06,6475.04,Electronic check,Yes,No,No,No
CUST101004,Female,0,No,Yes,67,DSL,Two year,27.97,1912.08,Bank transfer,Yes,No,Yes,No
CUST101005,Male,1,No,No,59,Fiber optic,Month-to-month,79.5,4670.82,Mailed check,No,No internet,No,No
CUST101006,Male,0,Yes,Yes,72,Fiber optic,Month-to-month,54.36,4012.37,Bank transfer,Yes,No,Yes,No
CUST101007,Male,0,No,Yes,54,DSL,Month-to-month,48.45,2546.07,Mailed check,Yes,No,Yes,No
CUST101008,Female,0,Yes,No,67,DSL,One year,60.57,4044.37,Electronic check,Yes,No,Yes,No
CUST101009,Female,0,Yes,Yes,51,Fiber optic,Month-to-month,73.37,3727.68,Electronic check,Yes,No internet,Yes,Yes
CUST101010,Female,0,No,No,8,Fiber optic,Month-to-month,74.48,472.6,Bank transfer,Yes,No,Yes,Yes
CUST101011,Male,1,No,No,34,DSL,One year,34.07,1187.42,Electronic check,No,No,Yes,No
CUST101012,Male,0,Yes,No,35,Fiber optic,Month-to-month,58.47,2053.92,Bank transfer,Yes,Yes,No,No
CUST101013,Female,0,No,No,32,Fiber optic,One year,79.03,2513.7,Mailed check,Yes,No internet,Yes,No
CUST101014,Male,0,No,No,46,Fiber optic,Month-to-month,50.08,2344.16,Credit card,Yes,Yes,Yes,No
CUST101015,Male,0,No,Yes,16,DSL,One year,44.13,690.48,Electronic check,Yes,Yes,No,Yes
CUST101016,Male,1,No,No,68,DSL,Month-to-month,20.0,1472.8,Electronic check,Yes,No,No internet,No
CUST101017,Female,0,No,Yes,37,Fiber optic,Two year,55.42,2088.19,Bank transfer,No,No,Yes,No
CUST101018,Male,0,No,Yes,54,Fiber optic,One year,43.26,2366.03,Bank transfer,Yes,No,No internet,No
CUST101019,Male,0,Yes,Yes,14,No,Month-to-month,47.4,609.68,Electronic check,No,No,No,Yes
CUST101020,Male,0,Yes,No,55,No,Month-to-month,65.2,3434.95,Credit card,Yes,No,Yes,No
CUST101021,Male,0,Yes,No,48,DSL,Month-to-month,57.0,2800.23,Electronic check,Yes,No,No,No
CUST101022,Female,0,No,Yes,7,No,Two year,42.84,148.8,Mailed check,Yes,No,No internet,No
CUST101023,Female,0,Yes,Yes,7,DSL,Two year,20.0,118.57,Electronic check,Yes,No,No,No
CUST101024,Female,0,Yes,Yes,33,DSL,Month-to-month,79.56,2695.93,Mailed check,No,No internet,Yes,No
CUST101025,Female,0,No,Yes,23,Fiber optic,Two year,90.82,2019.47,Mailed check,No,No,Yes,No
CUST101026,Male,1,No,No,19,Fiber optic,Month-to-month,62.08,1142.63,Electronic check,Yes,No internet,Yes,No
CUST101027,Female,0,No,Yes,19,Fiber optic,Month-to-month,65.36,1130.31,Bank transfer,No,Yes,Yes,No
CUST101028,Male,0,No,No,36,DSL,Two year,72.07,2520.76,Mailed check,No,Yes,Yes,No
CUST101029,Male,0,Yes,No,29,No,One year,111.47,3169.01,Bank transfer,No,Yes,No,No
CUST101030,Male,0,No,No,60,DSL,Month-to-month,32.81,1931.61,Electronic check,Yes,No,No,No
CUST101031,Male,0,Yes,Yes,2,Fiber optic,One year,61.64,133.62,Mailed check,Yes,No internet,No,No
CUST101032,Female,0,No,Yes,1,Fiber optic,Two year,28.95,47.46,Electronic check,Yes,Yes,Yes,No
CUST101033,Female,0,Yes,No,47,Fiber optic,One year,81.06,3925.48,Bank transfer,Yes,Yes,Yes,No
CUST101034,Male,0,No,No,69,Fiber optic,Two year,68.4,4680.69,Bank transfer,No,Yes,No,No
CUST101035,Female,0,No,Yes,20,DSL,One year,77.07,1585.93,Credit card,No,No,No internet,No
CUST101036,Female,0,Yes,No,11,No,Month-to-month,75.83,783.28,Mailed check,Yes,Yes,No,No
CUST101037,Male,0,Yes,No,2,Fiber optic,Two year,96.77,327.61,Credit card,No,Yes,No,No
CUST101038,Female,0,Yes,No,67,Fiber optic,Month-to-month,85.45,5735.03,Bank transfer,No,No,Yes,Yes
CUST101039,Male,0,Yes,No,12,DSL,Two year,92.76,1096.56,Electronic check,No,No,Yes,Yes
CUST101040,Male,1,No,Yes,20,Fiber optic,Month-to-month,45.36,843.87,Electronic check,No,No,No,Yes
CUST101041,Male,1,No,No,5,No,One year,101.83,581.64,Mailed check,No,No,No,Yes
CUST101042,Female,0,Yes,No,37,Fiber optic,Month-to-month,53.94,2006.16,Bank transfer,Yes,No,Yes,No
CUST101043,Male,0,Yes,No,38,Fiber optic,Month-to-month,55.38,2120.8,Electronic check,No,Yes,Yes,No
CUST101044,Male,0,No,No,9,Fiber optic,Month-to-month,78.77,624.44,Bank transfer,Yes,No internet,No,No
CUST101045,Male,0,Yes,No,53,Fiber optic,Two year,79.55,4153.57,Bank transfer,Yes,No,Yes,No
CUST101046,Female,0,Yes,Yes,44,DSL,Two year,45.2,1847.87,Mailed check,Yes,Yes,No internet,No
CUST101047,Male,0,Yes,Yes,24,Fiber optic,Month-to-month,67.67,1583.33,Electronic check,No,Yes,Yes,No
CUST101048,Male,0,No,Yes,30,Fiber optic,Two year,109.21,3237.95,Bank transfer,Yes,Yes,No internet,Yes
CUST101049,Male,0,No,Yes,59,Fiber optic,Two year,35.29,1974.55,Electronic check,No,No,No,No
CUST101050,Male,0,No,No,14,Fiber optic,One year,109.13,1522.03,Electronic check,Yes,No,No,No
CUST101051,Female,0,No,No,9,Fiber optic,Month-to-month,65.96,565.78,Bank transfer,Yes,No,No,Yes
CUST101052,Male,0,No,No,40,DSL,Two year,20.0,741.93,Electronic check,Yes,Yes,No,No
CUST101053,Female,0,No,No,66,DSL,One year,37.83,2428.19,Mailed check,Yes,No internet,No,Yes
CUST101054,Male,1,No,No,25,No,Two year,47.91,1211.01,Electronic check,Yes,No internet,Yes,No
CUST101055,Female,0,No,No,22,Fiber optic,Two year,56.4,1178.55,Mailed check,Yes,No,Yes,No
CUST101056,Male,0,No,No,4,Fiber optic,Two year,69.38,409.07,Electronic check,Yes,No,No,No
CUST101057,Female,0,No,No,26,Fiber optic,One year,20.0,505.31,Electronic check,No,No,Yes,No
CUST101058,Female,0,No,No,58,Fiber optic,Month-to-month,76.67,4520.33,Mailed check,Yes,No,Yes,Yes
CUST101059,Male,0,No,No,29,DSL,Month-to-month,45.62,1231.34,Mailed check,No,No,No internet,No
CUST101060,Male,1,No,No,37,DSL,Month-to-month,106.76,3937.15,Credit card,Yes,Yes,No internet,Yes
CUST101061,Male,0,Yes,No,70,DSL,Month-to-month,65.25,4491.25,Mailed check,Yes,No,No,No
CUST101062,Female,1,Yes,No,18,Fiber optic,One year,95.57,1754.35,Mailed check,No,Yes,No,Yes
CUST101063,Female,1,No,No,42,Fiber optic,One year,99.76,4184.92,Mailed check,No,Yes,Yes,Yes
CUST101064,Female,0,Yes,Yes,41,No,Two year,99.08,4220.57,Electronic check,Yes,No,Yes,No
CUST101065,Female,0,No,No,38,Fiber optic,Month-to-month,57.84,2167.65,Credit card,Yes,No,No internet,Yes
CUST101066,Male,0,Yes,No,34,DSL,Month-to-month,57.52,1814.85,Bank transfer,No,No internet,No,No
CUST101067,Female,0,No,No,17,No,Month-to-month,66.38,1123.69,Electronic check,Yes,No,No,Yes
CUST101068,Male,0,Yes,No,37,DSL,Month-to-month,87.91,3268.5,Credit card,Yes,No internet,No,Yes
CUST101069,Female,0,No,No,25,DSL,Month-to-month,59.23,1430.64,Electronic check,Yes,No,No internet,Yes
CUST101070,Male,0,No,No,27,Fiber optic,One year,69.02,1803.21,Credit card,No,No,No,No
CUST101071,Female,0,No,No,57,Fiber optic,Month-to-month,78.84,4398.08,Credit card,No,Yes,No internet,No
CUST101072,Female,0,Yes,No,31,Fiber optic,One year,49.38,1569.3,Bank transfer,Yes,Yes,Yes,No
CUST101073,Male,1,No,No,6,DSL,Month-to-month,47.8,334.13,Electronic check,Yes,No,No,Yes
CUST101074,Female,0,No,No,40,Fiber optic,Two year,68.04,2916.12,Electronic check,Yes,No,No,No
CUST101075,Female,0,No,No,12,DSL,Two year,71.35,842.85,Electronic check,Yes,Yes,No,No
CUST101076,Female,0,Yes,Yes,53,DSL,Two year,82.85,4403.27,Electronic check,Yes,No,No internet,No
CUST101077,Male,0,No,No,71,DSL,Two year,88.8,6285.46,Mailed check,Yes,Yes,No,No
CUST101078,Female,1,Yes,No,10,Fiber optic,Two year,44.52,661.75,Credit card,Yes,Yes,Yes,No
CUST101079,Male,0,No,No,45,Fiber optic,Two year,51.7,2375.92,Mailed check,No,No,Yes,No
CUST101080,Female,0,Yes,No,17,DSL,One year,47.73,811.59,Bank transfer,Yes,No internet,No,No
CUST101081,Female,0,No,No,26,DSL,Month-to-month,107.31,2958.29,Bank transfer,No,Yes,Yes,No
CUST101082,Male,0,No,No,62,DSL,Month-to-month,68.99,4272.62,Credit card,Yes,No,Yes,No
CUST101083,Male,1,Yes,No,46,Fiber optic,Month-to-month,72.4,3613.77,Electronic check,No,No internet,No,No
CUST101084,Male,0,Yes,No,64,DSL,One year,73.44,4833.27,Mailed check,No,No,No,No
CUST101085,Female,0,Yes,No,2,DSL,Month-to-month,54.11,106.53,Credit card,Yes,No,No,No
CUST101086,Male,0,Yes,No,54,Fiber optic,Two year,111.11,6040.95,Credit card,Yes,Yes,Yes,No
CUST101087,Female,0,No,No,65,DSL,Two year,82.28,5358.35,Credit card,No,No,Yes,No
CUST101088,Female,0,Yes,No,51,DSL,Month-to-month,72.99,3782.81,Bank transfer,No,No,Yes,No
CUST101089,Male,0,Yes,No,53,Fiber optic,Month-to-month,44.37,2305.24,Electronic check,No,No,No,Yes
CUST101090,Female,0,No,No,36,Fiber optic,Two year,42.95,1713.94,Mailed check,No,No,No,No
CUST101091,Female,0,No,No,26,DSL,Month-to-month,64.28,1619.06,Electronic check,Yes,No,Yes,No
CUST101092,Female,0,No,No,29,Fiber optic,One year,54.5,1600.88,Bank transfer,Yes,Yes,Yes,No
CUST101093,Female,0,No,Yes,21,DSL,Month-to-month,45.31,980.9,Bank transfer,Yes,No internet,Yes,No
CUST101094,Male,1,No,No,11,DSL,One year,62.73,664.8,Bank transfer,No,No,No,No
CUST101095,Female,0,Yes,Yes,40,No,Month-to-month,66.59,2560.47,Credit card,No,No internet,Yes,No
CUST101096,Female,1,Yes,No,11,DSL,Two year,75.54,850.22,Bank transfer,Yes,No,Yes,No
CUST101097,Male,0,Yes,No,36,Fiber optic,One year,59.4,2158.22,Electronic check,Yes,Yes,Yes,No
CUST101098,Male,0,No,No,59,Fiber optic,Month-to-month,46.81,2735.48,Electronic check,Yes,No,No,No
CUST101099,Female,0,No,Yes,39,DSL,Month-to-month,47.68,1836.37,Credit card,Yes,No,Yes,No
CUST101100,Male,0,Yes,Yes,54,Fiber optic,Month-to-month,102.32,5537.61,Electronic check,No,Yes,Yes,No
CUST101101,Male,0,Yes,No,55,DSL,Two year,40.71,2338.69,Electronic check,Yes,No,Yes,No
CUST101102,Female,0,Yes,No,24,DSL,One year,81.08,2039.89,Electronic check,Yes,No,No,No
CUST101103,Male,0,Yes,No,22,Fiber optic,Month-to-month,84.99,1908.31,Mailed check,Yes,No,No,No
CUST101104,Female,0,No,Yes,69,Fiber optic,Month-to-month,68.97,4724.63,Electronic check,Yes,Yes,No,Yes
CUST101105,Female,0,No,No,56,DSL,Month-to-month,116.2,6480.0,Credit card,Yes,No,No,Yes
CUST101106,Female,0,No,No,33,No,One year,84.54,2770.32,Credit card,Yes,Yes,No internet,Yes
CUST101107,Male,0,No,No,36,Fiber optic,One year,118.07,4214.5,Credit card,Yes,No,No,No
CUST101108,Female,0,No,No,20,No,Month-to-month,55.72,1026.26,Electronic check,No,Yes,Yes,Yes
CUST101109,Female,0,Yes,No,62,DSL,One year,56.15,,Credit card,No,Yes,Yes,No
CUST101110,Female,0,Yes,No,26,No,One year,85.19,2263.13,Credit card,No,Yes,No,No
CUST101111,Male,0,Yes,No,66,Fiber optic,Two year,65.46,4269.0,Credit card,No,Yes,No,No
CUST101112,Male,0,Yes,No,40,Fiber optic,Two year,114.14,4568.48,Bank transfer,No,No,No internet,No
CUST101113,Female,0,Yes,No,17,DSL,One year,80.54,1369.27,Bank transfer,No,No internet,No internet,No
CUST101114,Female,0,Yes,No,1,No,One year,45.89,82.61,Electronic check,Yes,No,No,No
CUST101115,Male,0,Yes,No,61,Fiber optic,Month-to-month,28.58,1690.56,Credit card,Yes,No,Yes,No
CUST101116,Female,0,No,Yes,43,DSL,Two year,70.04,2747.06,Electronic check,Yes,No internet,Yes,No
CUST101117,Male,0,No,No,42,No,Month-to-month,69.77,2881.02,Electronic check,Yes,No internet,No,No
CUST101118,Female,0,No,No,25,Fiber optic,Month-to-month,79.84,1922.07,Credit card,No,No internet,No,No
CUST101119,Male,1,No,Yes,39,DSL,Month-to-month,102.27,3820.48,Mailed check,No,Yes,No,No
CUST101120,Female,0,Yes,Yes,35,No,Two year,98.98,3420.03,Electronic check,Yes,No,No,No
CUST101121,Female,0,No,Yes,3,Fiber optic,Month-to-month,57.53,117.82,Credit card,Yes,No,No,No
CUST101122,Male,1,No,No,44,Fiber optic,Month-to-month,39.65,1742.41,Credit card,Yes,No,No,No
CUST101123,Male,0,No,No,51,DSL,Month-to-month,41.15,2140.6,Electronic check,No,No,Yes,No
CUST101124,Male,0,No,No,12,Fiber optic,Month-to-month,53.58,792.92,Credit card,No,Yes,No,No
CUST101125,Female,1,No,No,19,Fiber optic,Month-to-month,62.83,1201.22,Mailed check,No,No internet,Yes,Yes
CUST101126,Male,1,No,No,44,No,Two year,79.63,3506.13,Mailed check,Yes,No,No,No
CUST101127,Male,0,No,No,59,DSL,Two year,51.98,3226.65,Electronic check,Yes,No,Yes,No
CUST101128,Male,0,No,No,49,DSL,Month-to-month,79.01,3769.97,Electronic check,Yes,No,No,No
CUST101129,Male,0,No,No,61,DSL,Two year,81.05,4847.81,Electronic check,Yes,No,No internet,No
CUST101130,Male,0,No,No,17,Fiber optic,One year,75.58,1333.04,Electronic check,Yes,Yes,No,Yes
CUST101131,Male,1,Yes,No,57,Fiber optic,Month-to-month,43.78,2600.69,Credit card,No,Yes,Yes,No
CUST101132,Female,0,No,No,55,Fiber optic,One year,83.7,4718.06,Bank transfer,Yes,No internet,Yes,No
CUST101133,Male,0,No,No,47,Fiber optic,Two year,124.03,5685.05,Credit card,Yes,No,Yes,No
CUST101134,Male,0,Yes,No,12,DSL,Month-to-month,78.15,795.75,Bank transfer,Yes,No,No internet,No
CUST101135,Male,0,No,Yes,62,DSL,Month-to-month,20.0,1230.63,Electronic check,Yes,No,No,No
CUST101136,Female,0,No,No,8,DSL,Two year,103.02,880.88,Credit card,No,No,No,No
CUST101137,Male,0,Yes,Yes,21,Fiber optic,One year,54.43,1112.52,Credit card,Yes,Yes,Yes,No
CUST101138,Female,0,Yes,No,70,Fiber optic,Month-to-month,128.64,8910.63,Mailed check,No,No,No,Yes
CUST101139,Male,1,No,No,72,DSL,One year,74.91,5291.66,Electronic check,Yes,Yes,No,No
CUST101140,Female,0,Yes,No,25,Fiber optic,Month-to-month,29.88,829.89,Bank transfer,No,Yes,Yes,No
CUST101141,Male,0,Yes,No,12,Fiber optic,Two year,20.38,329.88,Bank transfer,Yes,No,Yes,Yes
CUST101142,Female,0,No,No,15,DSL,Month-to-month,110.49,1707.8,Credit card,No,No internet,Yes,Yes
CUST101143,Female,1,Yes,No,59,Fiber optic,Month-to-month,99.65,5875.34,Electronic check,Yes,No,Yes,No
CUST101144,Male,1,Yes,No,26,Fiber optic,One year,127.65,3249.48,Electronic check,Yes,Yes,No,Yes
CUST101145,Female,0,No,No,26,DSL,Month-to-month,72.27,1726.37,Bank transfer,No,No,Yes,Yes
CUST101146,Male,0,Yes,No,47,Fiber optic,Month-to-month,70.59,3197.55,Bank transfer,Yes,Yes,Yes,Yes
CUST101147,Female,0,No,No,32,DSL,One year,62.43,1834.71,Electronic check,Yes,No,No,No
CUST101148,Female,0,Yes,No,10,Fiber optic,Two year,55.54,531.38,Mailed check,No,Yes,No,No
CUST101149,Female,1,Yes,Yes,16,Fiber optic,Month-to-month,62.19,1032.3,Bank transfer,Yes,No internet,Yes,No
CUST101150,Female,0,No,Yes,71,Fiber optic,One year,77.44,5503.5,Bank transfer,No,Yes,No,Yes
CUST101151,Male,0,Yes,Yes,17,No,Month-to-month,50.9,978.59,Electronic check,No,Yes,Yes,No
CUST101152,Male,0,Yes,No,23,DSL,Month-to-month,30.27,710.52,Mailed check,Yes,No,No,No
CUST101153,Male,1,Yes,Yes,26,No,Month-to-month,76.0,1844.49,Credit card,Yes,Yes,No internet,Yes
CUST101154,Female,1,No,Yes,7,DSL,Month-to-month,50.35,341.51,Credit card,No,No,No internet,No
CUST101155,Female,0,No,No,14,DSL,Two year,20.0,271.5,Electronic check,Yes,No internet,No,No
CUST101156,Male,0,Yes,No,7,Fiber optic,Month-to-month,85.81,640.63,Electronic check,Yes,Yes,No,Yes
CUST101157,Male,0,No,Yes,9,Fiber optic,One year,44.3,466.5,Credit card,No,No,No,No
CUST101158,Male,0,No,Yes,48,Fiber optic,Month-to-month,88.54,4287.69,Mailed check,Yes,No internet,No internet,No
CUST101159,Female,0,Yes,No,72,Fiber optic,Two year,87.95,6293.46,Bank transfer,No,No,No,No
CUST101160,Female,0,No,No,59,Fiber optic,One year,79.09,4776.73,Bank transfer,Yes,No internet,No,No
CUST101161,Male,0,No,Yes,39,Fiber optic,One year,134.42,5309.32,Electronic check,Yes,Yes,No,No
CUST101162,Male,0,No,No,18,Fiber optic,Month-to-month,68.55,1026.66,Bank transfer,Yes,Yes,Yes,No
CUST101163,Male,0,No,No,59,Fiber optic,Month-to-month,64.86,3887.8,Bank transfer,Yes,Yes,No,No
CUST101164,Female,1,No,Yes,17,Fiber optic,Month-to-month,89.09,1443.7,Bank transfer,Yes,Yes,No,Yes
CUST101165,Female,1,No,Yes,14,DSL,Two year,70.61,848.16,Electronic check,No,No,No,No
CUST101166,Male,0,No,Yes,31,No,Month-to-month,101.01,3151.46,Credit card,No,Yes,No,No
CUST101167,Male,1,Yes,No,24,Fiber optic,One year,40.28,1152.59,Mailed check,No,No,No,No
CUST101168,Female,0,No,No,60,Fiber optic,One year,40.7,2437.75,Bank transfer,Yes,Yes,No internet,No
CUST101169,Male,0,Yes,Yes,45,Fiber optic,Month-to-month,91.15,4078.63,Credit card,Yes,No,No internet,No
CUST101170,Male,0,No,No,3,No,One year,42.88,136.36,Mailed check,No,Yes,No internet,No
CUST101171,Male,0,Yes,Yes,37,Fiber optic,One year,87.23,3418.75,Credit card,Yes,Yes,No,Yes
CUST101172,Female,0,Yes,No,43,DSL,One year,81.25,3472.31,Credit card,Yes,No,No,No
CUST101173,Male,0,Yes,No,40,Fiber optic,Month-to-month,54.64,2264.27,Mailed check,Yes,Yes,No,No
CUST101174,Female,0,Yes,No,55,Fiber optic,Month-to-month,81.18,4433.05,Mailed check,Yes,No,Yes,No
CUST101175,Male,0,No,No,39,Fiber optic,Month-to-month,41.14,1558.0,Credit card,Yes,No,Yes,No
CUST101176,Female,0,No,No,15,Fiber optic,Two year,47.0,817.98,Electronic check,No,No internet,Yes,Yes
CUST101177,Female,0,Yes,No,4,No,One year,66.07,176.08,Electronic check,No,No,No internet,No
CUST101178,Male,0,Yes,No,25,DSL,Month-to-month,73.97,1908.98,Credit card,Yes,No,No,No
CUST101179,Female,0,Yes,No,13,DSL,Two year,64.41,809.99,Credit card,No,No internet,No internet,Yes
CUST101180,Female,0,Yes,Yes,33,DSL,Month-to-month,82.83,2672.82,Credit card,Yes,No internet,No,No
CUST101181,Male,0,No,No,16,DSL,Two year,81.71,1273.92,Electronic check,Yes,No,Yes,No
CUST101182,Male,0,Yes,No,42,DSL,Two year,110.23,4449.56,Electronic check,No,No,Yes,No
CUST101183,Female,0,No,No,66,Fiber optic,Two year,69.62,4510.91,Electronic check,Yes,No,Yes,No
CUST101184,Male,0,Yes,No,55,Fiber optic,Two year,101.86,5613.02,Bank transfer,Yes,No,No internet,No
CUST101185,Male,0,No,No,42,Fiber optic,Month-to-month,95.02,3971.03,Bank transfer,No,No internet,No,Yes
CUST101186,Male,1,Yes,No,34,DSL,Month-to-month,129.35,4322.23,Mailed check,No,No,No,No
CUST101187,Male,0,Yes,No,30,Fiber optic,One year,68.82,2183.13,Electronic check,No,Yes,No,Yes
CUST101188,Male,0,No,No,13,DSL,Month-to-month,61.49,719.9,Bank transfer,Yes,Yes,No internet,No
CUST101189,Male,0,Yes,No,13,Fiber optic,Month-to-month,103.44,1459.69,Bank transfer,Yes,Yes,Yes,Yes
CUST101190,Male,0,Yes,Yes,18,No,One year,81.64,1481.27,Electronic check,Yes,Yes,No internet,No
CUST101191,Female,1,No,Yes,32,Fiber optic,Month-to-month,104.04,3308.21,Credit card,Yes,Yes,No,No
CUST101192,Male,0,No,No,39,Fiber optic,Two year,89.92,3514.37,Electronic check,No,No,No internet,No
CUST101193,Male,0,No,No,46,No,Two year,20.0,943.49,Bank transfer,No,Yes,No,No
CUST101194,Male,0,No,Yes,29,Fiber optic,Two year,81.41,2284.44,Credit card,Yes,No,Yes,Yes
CUST101195,Male,0,Yes,No,62,No,One year,79.78,4872.08,Bank transfer,No,Yes,No,No
CUST101196,Male,0,No,No,62,Fiber optic,Two year,75.33,4654.43,Electronic check,Yes,Yes,Yes,No
CUST101197,Male,0,No,No,57,Fiber optic,Two year,68.69,3950.29,Electronic check,No,No,No internet,No
CUST101198,Female,0,Yes,Yes,16,DSL,One year,32.2,568.3,Credit card,Yes,No internet,No,No
CUST101199,Male,0,Yes,Yes,56,No,Month-to-month,93.85,5355.24,Electronic check,Yes,No,Yes,Yes
CUST101200,Female,0,Yes,No,10,Fiber optic,Two year,81.34,715.11,Bank transfer,Yes,No,Yes,No
CUST101201,Female,0,Yes,No,30,No,Two year,99.55,3015.04,Credit card,No,No,No internet,No
CUST101202,Female,0,No,Yes,25,DSL,Month-to-month,33.53,837.21,Credit card,Yes,Yes,No,No
CUST101203,Female,0,No,No,5,DSL,Month-to-month,84.68,380.78,Mailed check,Yes,No,No,Yes
CUST101204,Male,1,No,No,65,Fiber optic,One year,66.13,4458.74,Credit card,Yes,Yes,No,No
CUST101205,Male,0,Yes,No,49,Fiber optic,Month-to-month,75.59,3738.48,Credit card,Yes,No,No internet,No
CUST101206,Male,0,No,Yes,3,No,Two year,66.42,313.57,Mailed check,Yes,No,Yes,No
CUST101207,Female,0,No,No,45,No,Two year,85.59,3582.45,Electronic check,No,No,Yes,No
CUST101208,Male,0,Yes,Yes,14,DSL,Month-to-month,67.93,1034.79,Electronic check,Yes,Yes,No,Yes
CUST101209,Female,0,No,No,30,Fiber optic,One year,45.7,1413.89,Electronic check,No,No,No internet,No
CUST101210,Female,0,Yes,No,68,Fiber optic,Month-to-month,74.16,5099.03,Credit card,Yes,Yes,No,Yes
CUST101211,Male,0,Yes,No,18,DSL,One year,66.65,1176.26,Bank transfer,Yes,Yes,Yes,No
CUST101212,Female,1,No,Yes,62,Fiber optic,Month-to-month,69.92,4503.89,Credit card,Yes,Yes,No,No
CUST101213,Male,0,Yes,No,37,Fiber optic,One year,20.0,724.25,Credit card,Yes,No,No,No
CUST101214,Female,0,No,No,25,Fiber optic,Month-to-month,89.07,2225.25,Bank transfer,Yes,Yes,No,Yes
CUST101215,Female,0,Yes,No,48,DSL,Month-to-month,64.13,2999.97,Bank transfer,Yes,No,No,No
CUST101216,Male,0,No,No,65,Fiber optic,Month-to-month,38.3,2486.35,Electronic check,No,No internet,No,No
CUST101217,Female,0,Yes,Yes,53,DSL,Month-to-month,95.06,5024.21,Credit card,No,Yes,Yes,No
CUST101218,Male,0,Yes,No,15,DSL,One year,87.91,1404.41,Mailed check,No,No,No,No
CUST101219,Male,0,No,No,49,DSL,Month-to-month,63.82,3177.96,Bank transfer,No,Yes,Yes,No
CUST101220,Male,0,Yes,No,68,Fiber optic,Month-to-month,43.2,3031.46,Electronic check,Yes,No,No internet,No
CUST101221,Female,0,Yes,No,12,Fiber optic,Two year,76.45,908.78,Credit card,Yes,Yes,No,No
CUST101222,Male,0,Yes,Yes,59,DSL,Two year,75.08,4402.57,Credit card,No,No internet,No,No
CUST101223,Male,0,Yes,No,37,DSL,Two year,95.11,3589.8,Bank transfer,Yes,No,No internet,No
CUST101224,Male,1,Yes,No,61,DSL,Two year,60.91,3728.15,Bank transfer,Yes,No,No,No
CUST101225,Male,1,No,No,43,No,Month-to-month,101.87,4191.58,Bank transfer,No,Yes,No,Yes
CUST101226,Female,0,Yes,No,70,DSL,Month-to-month,58.49,4058.09,Electronic check,Yes,No,No,Yes
CUST101227,Male,1,Yes,No,39,DSL,One year,38.35,1320.75,Electronic check,Yes,No internet,Yes,No
CUST101228,Male,0,Yes,No,56,Fiber optic,Two year,43.69,2381.4,Bank transfer,No,No,Yes,No
CUST101229,Male,0,Yes,Yes,63,Fiber optic,Two year,70.44,4519.8,Electronic check,No,No internet,No,No
CUST101230,Male,0,No,No,46,DSL,Month-to-month,70.36,3209.64,Mailed check,Yes,Yes,Yes,No
CUST101231,Male,0,No,No,11,Fiber optic,Month-to-month,80.2,860.64,Mailed check,Yes,No,Yes,Yes
CUST101232,Female,0,No,No,62,DSL,Month-to-month,69.74,4308.35,Mailed check,Yes,No,No internet,Yes
CUST101233,Male,0,Yes,No,25,Fiber optic,One year,96.43,2411.63,Electronic check,Yes,No,No,Yes
CUST101234,Female,0,No,No,71,DSL,One year,65.47,4621.59,Mailed check,Yes,No internet,No internet,No
CUST101235,Male,0,Yes,No,52,Fiber optic,Month-to-month,22.09,1294.01,Electronic check,Yes,Yes,No internet,No
CUST101236,Female,0,No,No,4,Fiber optic,Month-to-month,68.97,139.61,Mailed check,No,Yes,Yes,No
CUST101237,Male,1,No,No,59,No,One year,21.83,1306.28,Bank transfer,Yes,Yes,No internet,No
CUST101238,Female,1,No,Yes,72,Fiber optic,One year,78.78,5716.65,Credit card,No,No internet,No internet,Yes
CUST101239,Female,1,No,No,20,Fiber optic,Month-to-month,98.43,1897.02,Electronic check,Yes,No internet,Yes,Yes
CUST101240,Male,1,No,Yes,63,Fiber optic,Two year,47.34,3034.07,Credit card,No,No,No internet,No
CUST101241,Female,0,Yes,No,54,No,One year,107.46,5749.41,Electronic check,Yes,No,No,No
CUST101242,Male,0,No,No,57,DSL,Two year,93.07,5343.38,Bank transfer,Yes,No,No internet,No
CUST101243,Male,0,No,No,41,DSL,Two year,102.16,4087.61,Bank transfer,Yes,No,No,No
CUST101244,Female,1,Yes,No,3,Fiber optic,Month-to-month,76.74,237.22,Bank transfer,Yes,Yes,No,No
CUST101245,Female,0,No,No,6,DSL,Month-to-month,47.18,461.46,Bank transfer,No,No,No,Yes
CUST101246,Female,0,Yes,No,5,Fiber optic,One year,91.52,385.2,Mailed check,No,No,Yes,No
CUST101247,Male,0,Yes,No,5,DSL,Month-to-month,56.38,248.66,Electronic check,No,No,No,No
CUST101248,Female,0,Yes,No,54,DSL,Two year,74.95,4179.28,Credit card,Yes,Yes,Yes,No
CUST101249,Female,0,Yes,No,47,DSL,One year,67.72,3281.76,Electronic check,Yes,No,No internet,No
CUST101250,Female,0,No,No,49,DSL,Two year,100.12,5045.76,Electronic check,Yes,No,No,Yes
CUST101251,Male,0,No,No,9,DSL,Month-to-month,90.26,782.8,Electronic check,Yes,No,No,No
CUST101252,Male,0,No,No,20,DSL,Month-to-month,69.99,1427.55,Electronic check,No,No,No,Yes
CUST101253,Female,0,No,Yes,61,Fiber optic,One year,23.21,1452.7,Mailed check,No,No,Yes,No
CUST101254,Female,0,No,Yes,35,DSL,Month-to-month,56.12,1902.04,Mailed check,Yes,No,No,No
CUST101255,Female,0,Yes,No,50,Fiber optic,One year,89.61,4391.09,Electronic check,No,No,Yes,No
CUST101256,Male,1,No,No,62,Fiber optic,Two year,79.0,4798.73,Electronic check,Yes,No,Yes,No
CUST101257,Female,0,Yes,No,17,Fiber optic,Month-to-month,34.42,545.02,Bank transfer,Yes,No,No,No
CUST101258,Female,0,Yes,Yes,3,Fiber optic,One year,26.84,26.84,Bank transfer,Yes,No,No internet,No
CUST101259,Male,0,No,Yes,32,Fiber optic,Month-to-month,76.89,2406.33,Credit card,Yes,No,No,Yes
CUST101260,Male,0,No,No,13,DSL,Month-to-month,45.57,511.94,Credit card,Yes,No,Yes,No
CUST101261,Female,0,No,Yes,68,Fiber optic,Two year,47.98,3303.62,Credit card,Yes,No,No,No
CUST101262,Female,0,Yes,No,14,Fiber optic,Two year,88.82,1275.08,Credit card,Yes,No,Yes,No
CUST101263,Male,0,No,Yes,11,DSL,Month-to-month,102.06,1076.95,Bank transfer,Yes,No,Yes,Yes
CUST101264,Female,0,Yes,No,56,Fiber optic,Two year,53.23,2953.55,Electronic check,Yes,No,No internet,No
CUST101265,Male,0,Yes,No,67,DSL,Month-to-month,70.88,4796.6,Bank transfer,Yes,No internet,Yes,No
CUST101266,Female,0,Yes,Yes,29,DSL,Month-to-month,70.14,2005.67,Electronic check,No,No,Yes,Yes
CUST101267,Female,0,No,No,9,No,Month-to-month,67.89,563.38,Credit card,No,Yes,No,No
CUST101268,Female,0,Yes,Yes,67,DSL,Two year,73.01,4785.33,Mailed check,No,No,Yes,No
CUST101269,Male,0,No,No,25,Fiber optic,Month-to-month,90.91,2377.18,Bank transfer,Yes,No,Yes,No
CUST101270,Female,0,No,No,42,Fiber optic,One year,55.15,2186.62,Electronic check,No,No internet,No,No
CUST101271,Male,1,No,Yes,9,Fiber optic,One year,33.87,279.59,Mailed check,Yes,No,No,No
CUST101272,Female,0,Yes,No,40,No,One year,114.25,4499.17,Electronic check,No,Yes,No,No
CUST101273,Male,0,Yes,No,25,Fiber optic,Month-to-month,99.24,2492.64,Electronic check,Yes,No,Yes,Yes
CUST101274,Female,0,No,No,5,Fiber optic,Month-to-month,44.41,186.26,Mailed check,Yes,No,No internet,Yes
CUST101275,Male,0,Yes,Yes,11,Fiber optic,Month-to-month,75.39,835.99,Electronic check,Yes,No,No internet,No
CUST101276,Male,0,No,Yes,59,DSL,One year,97.27,5671.68,Mailed check,Yes,No,Yes,No
CUST101277,Female,0,Yes,No,38,Fiber optic,One year,90.73,3411.45,Mailed check,Yes,No,No,No
CUST101278,Male,0,No,No,72,No,One year,83.55,5907.82,Credit card,No,No,No,No
CUST101279,Female,1,No,No,5,Fiber optic,One year,67.74,258.04,Mailed check,Yes,No,No,No
CUST101280,Female,0,Yes,No,48,Fiber optic,Month-to-month,115.18,5491.59,Mailed check,No,Yes,No internet,Yes
CUST101281,Female,0,Yes,Yes,18,Fiber optic,Two year,77.52,1408.5,Credit card,Yes,Yes,No internet,Yes
CUST101282,Male,0,No,No,70,DSL,One year,59.13,4127.34,Bank transfer,No,Yes,No,No
CUST101283,Female,0,Yes,No,37,No,Month-to-month,93.78,3578.95,Mailed check,No,Yes,Yes,No
CUST101284,Female,0,No,No,60,Fiber optic,Month-to-month,74.4,4342.93,Mailed check,Yes,Yes,Yes,No
CUST101285,Female,0,No,Yes,48,Fiber optic,Two year,80.74,3854.59,Credit card,Yes,Yes,No,No
CUST101286,Male,0,No,No,28,DSL,Two year,77.08,1976.4,Mailed check,No,,No,No
CUST101287,Female,0,Yes,Yes,69,Fiber optic,Month-to-month,84.42,5811.68,Mailed check,Yes,Yes,No internet,No
CUST101288,Female,0,Yes,No,40,Fiber optic,One year,47.54,1847.93,Bank transfer,Yes,Yes,Yes,No
CUST101289,Female,0,No,Yes,45,Fiber optic,Month-to-month,35.72,1566.12,Electronic check,Yes,Yes,No,Yes
CUST101290,Female,0,Yes,No,62,Fiber optic,Month-to-month,107.85,6632.16,Credit card,Yes,No,Yes,No
CUST101291,Male,0,Yes,No,58,Fiber optic,One year,78.24,4572.71,Mailed check,Yes,No,No internet,No
CUST101292,Female,0,Yes,No,67,Fiber optic,One year,91.27,6137.49,Bank transfer,Yes,Yes,No internet,Yes
CUST101293,Female,0,Yes,No,56,Fiber optic,One year,28.01,1472.08,Bank transfer,No,No,No internet,No
CUST101294,Female,0,Yes,No,40,DSL,Month-to-month,98.67,3928.76,Electronic check,No,No,Yes,No
CUST101295,Male,0,No,Yes,40,Fiber optic,Month-to-month,58.96,2236.74,Credit card,Yes,No,Yes,Yes
CUST101296,Female,0,No,No,33,DSL,Month-to-month,51.84,1574.1,Credit card,Yes,No,No,No
CUST101297,Female,0,Yes,Yes,6,Fiber optic,Month-to-month,70.42,454.57,Mailed check,Yes,No,No,Yes
CUST101298,Female,0,Yes,No,19,DSL,Month-to-month,47.55,812.47,Credit card,Yes,Yes,Yes,Yes
CUST101299,Female,0,No,No,40,Fiber optic,Month-to-month,71.96,2829.28,Electronic check,No,No,No internet,Yes
CUST101300,Female,0,Yes,Yes,59,DSL,Month-to-month,68.59,4064.35,Credit card,No,No,No internet,No
CUST101301,Female,0,Yes,Yes,59,Fiber optic,Month-to-month,98.51,5810.68,Electronic check,No,No,Yes,Yes
CUST101302,Male,0,No,No,48,No,One year,109.83,5384.15,Electronic check,No,,No,No
CUST101303,Male,0,Yes,No,41,Fiber optic,Month-to-month,109.04,4370.08,Electronic check,Yes,No internet,No,Yes
CUST101304,Female,0,No,Yes,13,Fiber optic,Month-to-month,20.0,357.56,Electronic check,Yes,No,Yes,No
CUST101305,Male,1,Yes,Yes,45,No,One year,48.62,2234.18,Electronic check,No,Yes,Yes,No
CUST101306,Male,0,Yes,Yes,53,DSL,Month-to-month,20.0,1120.8,Credit card,No,No,No,Yes
CUST101307,Male,0,Yes,Yes,42,Fiber optic,One year,42.16,1739.39,Credit card,No,No,No internet,No
CUST101308,Female,0,Yes,No,63,No,Month-to-month,55.76,3436.73,Electronic check,No,No,No internet,No
CUST101309,Female,1,No,Yes,27,Fiber optic,Month-to-month,82.26,2228.63,Electronic check,Yes,No,Yes,No
CUST101310,Male,1,No,No,38,Fiber optic,Month-to-month,59.0,2165.47,Credit card,No,Yes,No internet,No
CUST101311,Female,0,Yes,No,60,No,Month-to-month,59.7,3502.9,Mailed check,No,No,No,No
CUST101312,Male,0,Yes,No,7,Fiber optic,One year,76.54,547.82,Electronic check,Yes,No internet,Yes,Yes
CUST101313,Female,0,Yes,No,5,No,Two year,29.27,230.52,Mailed check,No,Yes,No,No
CUST101314,Male,0,No,No,45,Fiber optic,Month-to-month,51.04,2168.49,Mailed check,Yes,No,No internet,Yes
CUST101315,Female,0,Yes,No,58,DSL,Month-to-month,59.41,3550.34,Electronic check,No,No,Yes,No
CUST101316,Female,0,No,No,31,DSL,One year,66.94,1975.81,Bank transfer,No,No,Yes,No
CUST101317,Male,0,No,No,23,No,Month-to-month,73.92,1675.64,Bank transfer,Yes,No,No,No
CUST101318,Female,0,No,No,42,DSL,Two year,109.52,4576.57,Electronic check,No,No,Yes,Yes
CUST101319,Female,0,Yes,No,10,Fiber optic,Month-to-month,94.71,908.36,Credit card,No,No,No,Yes
CUST101320,Male,0,Yes,No,32,DSL,Two year,52.77,1669.69,Bank transfer,No,No internet,No,No
CUST101321,Female,0,Yes,Yes,53,Fiber optic,Month-to-month,65.47,3480.65,Electronic check,Yes,Yes,No,No
CUST101322,Male,0,Yes,No,30,DSL,Month-to-month,63.76,2014.6,Electronic check,Yes,No,Yes,No
CUST101323,Male,0,No,No,39,No,Two year,59.15,2290.69,Electronic check,Yes,Yes,No,No
CUST101324,Male,0,Yes,Yes,31,DSL,One year,78.81,2370.11,Mailed check,Yes,Yes,No,No
CUST101325,Male,0,No,No,2,DSL,Month-to-month,25.51,25.51,Electronic check,Yes,No,Yes,Yes
CUST101326,Female,0,Yes,No,12,Fiber optic,One year,94.02,1153.77,Mailed check,No,Yes,No internet,Yes
CUST101327,Female,0,No,No,39,DSL,One year,114.34,4524.65,Electronic check,No,No,No,No
CUST101328,Male,1,Yes,Yes,66,Fiber optic,Month-to-month,65.25,4254.58,Bank transfer,Yes,No,Yes,No
CUST101329,Female,1,Yes,Yes,13,DSL,One year,64.77,915.33,Credit card,Yes,No internet,Yes,No
CUST101330,Female,0,No,No,46,Fiber optic,Month-to-month,75.93,3666.27,Bank transfer,No,Yes,Yes,Yes
CUST101331,Female,0,No,Yes,27,DSL,Two year,97.48,2737.51,Bank transfer,Yes,Yes,No internet,No
CUST101332,Female,0,No,Yes,17,Fiber optic,Two year,63.89,1028.17,Credit card,No,Yes,No internet,No
CUST101333,Male,0,Yes,No,60,DSL,Month-to-month,95.35,5803.5,Bank transfer,No,No,Yes,No
CUST101334,Female,0,No,No,64,Fiber optic,Month-to-month,84.21,5463.44,Mailed check,No,No,No,Yes
CUST101335,Male,0,Yes,Yes,35,DSL,Month-to-month,131.04,4591.45,Mailed check,Yes,Yes,Yes,No
CUST101336,Male,0,No,No,70,Fiber optic,Month-to-month,63.78,4536.38,Credit card,Yes,No internet,No,Yes
CUST101337,Female,1,No,No,30,DSL,Two year,22.6,738.86,Electronic check,Yes,No internet,Yes,No
CUST101338,Female,1,Yes,No,71,Fiber optic,Month-to-month,36.18,2668.57,Electronic check,Yes,No,Yes,No
CUST101339,Female,1,Yes,No,63,DSL,Month-to-month,72.3,4601.21,Bank transfer,No,Yes,No,No
CUST101340,Male,0,Yes,No,28,Fiber optic,Two year,97.7,2795.98,Bank transfer,Yes,No,No internet,No
CUST101341,Male,1,No,No,60,DSL,Two year,55.69,3259.77,Bank transfer,Yes,No,No,No
CUST101342,Female,0,Yes,No,37,Fiber optic,Month-to-month,66.23,2450.34,Electronic check,No,No,No internet,No
CUST101343,Female,0,No,Yes,22,DSL,One year,89.12,1900.65,Electronic check,Yes,Yes,No internet,No
CUST101344,Male,0,No,No,68,Fiber optic,One year,47.87,3350.8,Credit card,Yes,Yes,No,No
CUST101345,Male,0,No,No,20,Fiber optic,Two year,56.72,1025.75,Electronic check,No,No internet,Yes,No
CUST101346,Female,1,No,Yes,68,DSL,One year,42.81,2736.01,Electronic check,Yes,Yes,No,No
CUST101347,Female,0,Yes,Yes,64,Fiber optic,One year,101.46,6380.17,Mailed check,Yes,No,Yes,No
CUST101348,Female,0,Yes,No,17,Fiber optic,Month-to-month,110.54,1860.96,Credit card,Yes,No,Yes,Yes
CUST101349,Male,0,No,No,12,No,Month-to-month,32.51,228.24,Credit card,Yes,No,No,No
CUST101350,Male,1,Yes,No,22,No,One year,68.45,1354.46,Credit card,Yes,No,No internet,No
CUST101351,Female,0,Yes,Yes,17,DSL,Two year,107.18,1875.25,Electronic check,Yes,No,No,No
CUST101352,Male,0,No,No,10,Fiber optic,Two year,81.97,708.26,Mailed check,Yes,No,No,No
CUST101353,Male,0,Yes,No,65,Fiber optic,Two year,59.77,3965.45,Electronic check,Yes,No,No,No
CUST101354,Male,0,No,Yes,22,DSL,Month-to-month,33.35,627.95,Credit card,Yes,Yes,No,Yes
CUST101355,Female,0,Yes,No,50,Fiber optic,One year,100.82,4870.06,Mailed check,No,No,No,No
CUST101356,Female,0,No,Yes,14,No,Two year,81.01,1051.84,Electronic check,Yes,No,No,No
CUST101357,Female,0,Yes,No,64,Fiber optic,One year,35.18,2148.47,Bank transfer,No,No,No,No
CUST101358,Male,1,No,No,47,No,Month-to-month,101.75,4678.79,Mailed check,Yes,No,No internet,No
CUST101359,Male,1,Yes,No,29,DSL,Month-to-month,31.99,918.95,Mailed check,Yes,Yes,No,Yes
CUST101360,Female,0,No,No,36,DSL,Two year,66.49,2407.26,Credit card,No,No,Yes,No
CUST101361,Female,0,No,Yes,52,Fiber optic,Month-to-month,65.38,3510.33,Electronic check,No,Yes,No,No
CUST101362,Male,0,Yes,Yes,7,No,Two year,112.46,758.21,Electronic check,No,No internet,No,No
CUST101363,Female,0,Yes,Yes,29,Fiber optic,Month-to-month,65.47,1921.56,Electronic check,Yes,No internet,No,Yes
CUST101364,Male,0,Yes,No,11,DSL,One year,65.38,612.84,Electronic check,Yes,Yes,Yes,No
CUST101365,Female,0,Yes,No,33,DSL,One year,37.92,1178.74,Electronic check,No,Yes,No,Yes
CUST101366,Female,1,Yes,No,6,Fiber optic,One year,55.99,439.96,Bank transfer,No,No,No,No
CUST101367,Female,0,No,No,32,Fiber optic,Month-to-month,51.57,1762.61,Electronic check,No,No internet,No,Yes
CUST101368,Male,0,No,No,51,DSL,Two year,52.87,2823.37,Credit card,No,No,No,No
CUST101369,Female,1,No,Yes,58,Fiber optic,One year,72.16,4175.22,Electronic check,No,No,No,No
CUST101370,Female,0,Yes,No,26,DSL,Month-to-month,20.0,414.05,Electronic check,No,No,No internet,No
CUST101371,Female,0,No,No,46,Fiber optic,One year,34.24,1512.54,Electronic check,Yes,Yes,Yes,Yes
CUST101372,Male,0,No,Yes,29,Fiber optic,Month-to-month,69.22,1981.15,Bank transfer,No,No,Yes,No
CUST101373,Male,0,Yes,No,4,DSL,Month-to-month,75.03,254.91,Mailed check,Yes,Yes,No,Yes
CUST101374,Female,0,No,No,13,DSL,Month-to-month,66.16,869.15,Credit card,Yes,No,Yes,Yes
CUST101375,Female,0,No,No,39,Fiber optic,Two year,70.98,2828.32,Credit card,No,Yes,No,No
CUST101376,Female,0,Yes,Yes,15,No,Month-to-month,61.77,844.23,Credit card,No,No,Yes,No
CUST101377,Female,0,No,No,29,No,One year,71.54,2228.06,Bank transfer,No,No internet,Yes,No
CUST101378,Female,0,Yes,No,29,DSL,Month-to-month,82.85,2408.61,Electronic check,Yes,No,Yes,No
CUST101379,Male,0,No,Yes,32,Fiber optic,Month-to-month,82.68,2754.39,Credit card,Yes,No,No internet,Yes
CUST101380,Male,0,No,Yes,2,Fiber optic,Two year,54.78,143.43,Credit card,No,Yes,No internet,No
CUST101381,Male,1,Yes,Yes,47,DSL,One year,94.88,4631.86,Credit card,No,No,No,No
CUST101382,Female,0,No,No,22,DSL,Two year,75.93,1577.41,Electronic check,Yes,Yes,No,No
CUST101383,Male,0,No,Yes,27,Fiber optic,Month-to-month,102.81,2734.77,Bank transfer,Yes,No,No,No
CUST101384,Female,0,Yes,No,67,DSL,Month-to-month,107.82,7183.11,Electronic check,No,Yes,Yes,No
CUST101385,Male,0,No,No,56,Fiber optic,Two year,35.93,2026.71,Electronic check,Yes,Yes,Yes,No
CUST101386,Female,0,No,No,21,Fiber optic,One year,50.52,1070.98,Bank transfer,Yes,Yes,No internet,Yes
CUST101387,Male,0,No,Yes,47,DSL,Month-to-month,92.34,4371.09,Credit card,Yes,Yes,No,No
CUST101388,Female,0,Yes,No,59,DSL,Month-to-month,30.38,1803.62,Bank transfer,Yes,No,No internet,No
CUST101389,Male,0,No,No,6,Fiber optic,Two year,107.5,689.59,Credit card,Yes,No,No,No
CUST101390,Male,0,Yes,No,19,DSL,Month-to-month,63.4,1165.89,Electronic check,Yes,Yes,No,No
CUST101391,Female,1,No,No,57,No,One year,86.38,4961.07,Electronic check,Yes,No,Yes,Yes
CUST101392,Female,0,No,No,69,DSL,Month-to-month,69.09,4992.41,Bank transfer,Yes,No,No internet,No
CUST101393,Female,0,Yes,No,3,DSL,Month-to-month,37.19,111.93,Mailed check,Yes,No,No,No
CUST101394,Female,1,No,Yes,1,Fiber optic,Two year,98.39,98.39,Credit card,No,No,Yes,No
CUST101395,Female,0,No,No,58,Fiber optic,Month-to-month,140.77,8114.49,Electronic check,No,Yes,Yes,Yes
CUST101396,Male,0,Yes,Yes,38,Fiber optic,Month-to-month,59.12,2209.8,Mailed check,Yes,Yes,No,Yes
CUST101397,Male,0,Yes,No,15,DSL,Two year,63.94,888.23,Mailed check,Yes,No,Yes,No
CUST101398,Male,0,No,No,34,DSL,Month-to-month,20.0,689.78,Electronic check,Yes,No internet,Yes,No
CUST101399,Female,0,No,No,61,Fiber optic,Month-to-month,105.79,6517.11,Credit card,No,No,No,No
CUST101400,Male,0,No,Yes,35,Fiber optic,One year,94.79,3213.64,Mailed check,Yes,No,Yes,No
CUST101401,Male,1,Yes,No,64,Fiber optic,Month-to-month,28.67,1699.33,Mailed check,No,No,No,No
CUST101402,Male,0,Yes,No,25,Fiber optic,Month-to-month,20.38,707.42,Credit card,No,No,Yes,Yes
CUST101403,Male,1,Yes,No,24,No,Month-to-month,23.27,483.47,Electronic check,No,No,No,No
CUST101404,Female,0,No,Yes,12,DSL,One year,88.13,1170.63,Credit card,Yes,No,No,No
CUST101405,Female,0,No,No,18,Fiber optic,One year,90.62,1692.05,Electronic check,No,No,Yes,No
CUST101406,Male,0,No,No,15,DSL,One year,48.92,685.51,Electronic check,No,No,No,No
CUST101407,Male,0,No,Yes,27,DSL,Month-to-month,84.48,2217.94,Credit card,Yes,No,No,Yes
CUST101408,Male,0,Yes,Yes,72,DSL,One year,75.97,5421.48,Credit card,Yes,No,No,No
CUST101409,Male,0,No,No,60,Fiber optic,Two year,62.82,3733.84,Mailed check,Yes,Yes,No,No
CUST101410,Male,0,Yes,No,46,Fiber optic,Month-to-month,96.25,4477.04,Bank transfer,Yes,No,No internet,No
CUST101411,Male,0,Yes,No,17,Fiber optic,One year,,600.54,Credit card,No,No,No,No
CUST101412,Female,0,No,Yes,53,DSL,One year,100.69,5439.12,Electronic check,No,No internet,Yes,Yes
CUST101413,Male,0,Yes,No,8,DSL,Two year,53.79,379.19,Electronic check,Yes,No,No,No
CUST101414,Male,1,No,Yes,27,DSL,Two year,116.54,3029.52,Mailed check,Yes,Yes,No,No
CUST101415,Male,0,No,Yes,46,Fiber optic,Month-to-month,46.87,2170.82,Electronic check,No,Yes,No,No
CUST101416,Male,0,No,Yes,50,Fiber optic,Month-to-month,63.21,3352.78,Electronic check,Yes,No,Yes,Yes
CUST101417,Male,0,No,Yes,71,Fiber optic,Month-to-month,73.46,5148.49,Credit card,Yes,Yes,Yes,Yes
CUST101418,Male,0,No,No,3,No,Month-to-month,73.31,230.24,Electronic check,Yes,No internet,No internet,Yes
CUST101419,Male,0,Yes,No,64,Fiber optic,Month-to-month,84.27,5404.59,Credit card,No,Yes,No,Yes
CUST101420,Male,0,Yes,No,44,Fiber optic,Two year,39.86,1904.67,Mailed check,No,No internet,No,No
CUST101421,Male,0,No,No,53,No,Month-to-month,71.07,3691.62,Bank transfer,Yes,No,No,No
CUST101422,Male,0,Yes,No,24,DSL,Month-to-month,75.45,1885.7,Bank transfer,Yes,No internet,Yes,No
CUST101423,Female,0,Yes,No,60,DSL,One year,58.81,3414.74,Mailed check,Yes,Yes,No,No
CUST101424,Male,0,Yes,Yes,3,Fiber optic,Month-to-month,82.1,264.09,Electronic check,Yes,No,No,Yes
CUST101425,Male,0,No,Yes,20,DSL,Two year,38.34,825.75,Electronic check,No,Yes,No,No
CUST101426,Female,0,No,No,46,Fiber optic,Two year,63.84,3016.95,Bank transfer,Yes,Yes,Yes,No
CUST101427,Male,0,Yes,No,15,DSL,Month-to-month,53.17,688.09,Electronic check,Yes,Yes,No,Yes
CUST101428,Male,0,Yes,No,25,Fiber optic,Month-to-month,63.91,1436.72,Electronic check,Yes,No,Yes,Yes
CUST101429,Male,0,No,Yes,71,Fiber optic,Month-to-month,108.18,7664.98,Credit card,Yes,Yes,No internet,No
CUST101430,Male,0,Yes,No,17,DSL,One year,108.66,1801.63,Credit card,No,No internet,No,No
CUST101431,Female,0,No,Yes,9,DSL,Month-to-month,103.76,820.29,Mailed check,Yes,Yes,No,No
CUST101432,Male,0,Yes,Yes,38,DSL,One year,60.44,2192.27,Electronic check,Yes,No,No,No
CUST101433,Male,0,No,Yes,48,Fiber optic,Two year,94.69,4506.87,Bank transfer,No,Yes,No internet,No
CUST101434,Male,0,Yes,Yes,60,Fiber optic,Month-to-month,74.81,4625.34,Credit card,Yes,No,No internet,No
CUST101435,Male,0,Yes,Yes,63,DSL,Two year,73.14,4509.28,Electronic check,Yes,Yes,Yes,No
CUST101436,Male,0,No,Yes,2,DSL,Month-to-month,70.07,211.46,Electronic check,Yes,No internet,No,No
CUST101437,Female,0,No,No,72,No,Two year,115.96,8231.42,Credit card,Yes,No,No,No
CUST101438,Female,0,Yes,No,11,DSL,Month-to-month,106.15,1107.36,Credit card,No,No internet,Yes,Yes
CUST101439,Male,0,Yes,Yes,64,DSL,One year,90.62,5677.1,Credit card,Yes,Yes,No internet,No
CUST101440,Female,0,Yes,No,72,No,Month-to-month,67.74,5051.1,Electronic check,Yes,No,Yes,No
CUST101441,Female,0,Yes,No,21,Fiber optic,Two year,72.99,1609.3,Mailed check,No,No,Yes,No
CUST101442,Female,0,Yes,Yes,18,Fiber optic,Month-to-month,85.26,1590.79,Bank transfer,Yes,No,Yes,No
CUST101443,Male,0,No,Yes,64,Fiber optic,Month-to-month,58.96,3825.47,Electronic check,No,No,No,Yes
CUST101444,Male,0,Yes,No,38,Fiber optic,One year,95.46,3562.89,Electronic check,Yes,No internet,No internet,Yes
CUST101445,Female,0,No,No,32,DSL,Month-to-month,48.97,1569.89,Electronic check,Yes,Yes,No,Yes
CUST101446,Female,0,No,No,11,DSL,One year,81.8,816.17,Mailed check,Yes,No,Yes,No
CUST101447,Male,0,Yes,No,45,DSL,Two year,20.0,1115.53,Mailed check,Yes,Yes,Yes,Yes
CUST101448,Female,0,Yes,Yes,33,Fiber optic,Month-to-month,58.23,1831.61,Credit card,Yes,Yes,No internet,No
CUST101449,Male,0,No,No,41,Fiber optic,Month-to-month,123.94,5012.69,Bank transfer,Yes,No,Yes,No
CUST101450,Male,0,No,Yes,8,Fiber optic,Month-to-month,97.9,911.49,Credit card,Yes,No internet,No internet,Yes
CUST101451,Female,0,Yes,No,11,DSL,One year,110.39,1205.91,Credit card,Yes,No internet,No internet,No
CUST101452,Male,0,No,No,51,Fiber optic,Month-to-month,55.32,2869.64,Electronic check,Yes,No,No,Yes
CUST101453,Female,0,Yes,Yes,41,DSL,Month-to-month,74.59,3051.67,Electronic check,Yes,No internet,No internet,Yes
CUST101454,Female,1,Yes,No,17,Fiber optic,Month-to-month,104.05,1713.7,Mailed check,Yes,No,Yes,Yes
CUST101455,Female,0,Yes,No,46,Fiber optic,Month-to-month,87.83,3985.1,Electronic check,Yes,No,No internet,No
CUST101456,Male,0,No,Yes,32,DSL,Two year,84.71,2779.73,Credit card,Yes,Yes,Yes,Yes
CUST101457,Female,0,No,Yes,54,DSL,Month-to-month,112.76,6107.23,Electronic check,No,No,No,No
CUST101458,Male,0,Yes,No,20,Fiber optic,One year,45.99,1016.04,Electronic check,Yes,Yes,No,No
CUST101459,Female,1,No,No,33,DSL,One year,67.39,2319.1,Bank transfer,Yes,Yes,No,No
CUST101460,Male,0,Yes,No,40,No,One year,28.15,1172.16,Mailed check,Yes,No,Yes,No
CUST101461,Female,0,No,Yes,32,No,Month-to-month,44.62,1511.65,Bank transfer,Yes,No,No,No
CUST101462,Female,0,No,Yes,2,DSL,One year,98.85,240.67,Mailed check,No,No,No,No
CUST101463,Male,0,Yes,No,33,DSL,Two year,49.07,1649.75,Electronic check,Yes,No internet,No internet,No
CUST101464,Male,0,Yes,No,30,Fiber optic,Month-to-month,90.39,2685.78,Electronic check,Yes,No,No,Yes
CUST101465,Female,0,No,Yes,33,DSL,Month-to-month,113.46,3608.81,Credit card,Yes,Yes,No,No
CUST101466,Male,0,Yes,No,26,Fiber optic,Month-to-month,67.55,1705.53,Electronic check,No,No,No internet,No
CUST101467,Female,0,Yes,Yes,22,No,Month-to-month,85.0,1985.78,Electronic check,Yes,No,No internet,No
CUST101468,Female,0,Yes,Yes,66,Fiber optic,Month-to-month,90.58,6001.35,Mailed check,No,No internet,No,Yes
CUST101469,Male,1,No,Yes,38,Fiber optic,One year,41.46,1543.32,Electronic check,Yes,No internet,No,No
CUST101470,Male,0,No,Yes,46,DSL,Month-to-month,56.59,2699.28,Mailed check,Yes,No,No,No
CUST101471,Female,0,Yes,No,15,Fiber optic,Month-to-month,46.91,667.83,Bank transfer,Yes,No,No,No
CUST101472,Female,1,No,No,44,Fiber optic,One year,58.58,2634.14,Credit card,Yes,No,No internet,No
CUST101473,Female,1,No,Yes,49,DSL,Month-to-month,89.9,4511.48,Bank transfer,Yes,Yes,No,Yes
CUST101474,Female,0,No,No,61,DSL,One year,57.12,3532.91,Electronic check,Yes,Yes,Yes,No
CUST101475,Male,0,No,No,67,DSL,Month-to-month,71.12,4849.98,Mailed check,Yes,No,Yes,No
CUST101476,Female,0,Yes,No,6,Fiber optic,Two year,45.94,313.45,Electronic check,Yes,No internet,No,No
CUST101477,Male,0,No,No,9,DSL,Month-to-month,102.66,771.56,Electronic check,Yes,No internet,No,Yes
CUST101478,Female,1,No,No,6,Fiber optic,One year,58.37,455.08,Mailed check,Yes,Yes,Yes,No
CUST101479,Male,0,Yes,Yes,32,Fiber optic,Two year,110.07,3586.43,Electronic check,Yes,No,No,No
CUST101480,Female,0,Yes,No,41,DSL,Month-to-month,73.52,2989.97,Bank transfer,Yes,No internet,No,No
CUST101481,Male,1,No,No,8,DSL,Month-to-month,36.83,247.64,Bank transfer,Yes,No,Yes,Yes
CUST101482,Female,0,Yes,No,72,DSL,One year,67.72,4885.73,Credit card,Yes,Yes,Yes,No
CUST101483,Male,1,No,No,50,DSL,Month-to-month,45.43,2175.56,Bank transfer,No,No,No internet,No
CUST101484,Male,1,No,Yes,62,Fiber optic,Two year,86.73,5452.69,Electronic check,Yes,No,Yes,No
CUST101485,Male,0,Yes,No,62,DSL,Two year,65.47,4047.06,Mailed check,No,No,Yes,No
CUST101486,Female,0,Yes,No,7,Fiber optic,Month-to-month,76.08,460.63,Electronic check,No,No,Yes,No
CUST101487,Male,0,Yes,No,4,No,Month-to-month,62.77,304.24,Mailed check,No,No,Yes,No
CUST101488,Male,1,Yes,Yes,6,DSL,Month-to-month,58.12,386.7,Electronic check,Yes,Yes,Yes,No
CUST101489,Female,1,Yes,No,58,DSL,Month-to-month,47.66,2829.63,Electronic check,No,No,No,Yes
CUST101490,Female,0,Yes,No,22,DSL,One year,92.91,1941.26,Mailed check,No,No,No,No
CUST101491,Female,0,Yes,No,26,DSL,One year,67.67,1818.36,Bank transfer,No,Yes,No,No
CUST101492,Male,0,Yes,No,3,DSL,Month-to-month,64.13,335.31,Bank transfer,Yes,No internet,Yes,Yes
CUST101493,Male,0,Yes,No,41,Fiber optic,Month-to-month,67.04,2745.21,Mailed check,No,Yes,No,No
CUST101494,Male,0,No,Yes,60,Fiber optic,Month-to-month,55.03,3293.29,Mailed check,Yes,No,Yes,Yes
CUST101495,Male,0,No,No,14,DSL,Month-to-month,64.22,787.86,Mailed check,Yes,No internet,No internet,No
CUST101496,Female,0,No,Yes,12,No,Two year,77.14,932.25,Bank transfer,No,Yes,Yes,No
CUST101497,Male,0,Yes,No,12,Fiber optic,Month-to-month,46.15,471.94,Electronic check,Yes,No,No internet,Yes
CUST101498,Female,1,Yes,No,13,Fiber optic,Two year,49.77,740.42,Bank transfer,No,No,No,No
CUST101499,Male,0,Yes,Yes,25,Fiber optic,One year,106.46,2855.61,Bank transfer,Yes,Yes,No,No
CUST101500,Female,0,No,No,45,DSL,One year,62.93,3027.99,Electronic check,Yes,No internet,No,Yes
CUST101501,Female,0,No,Yes,19,Fiber optic,Month-to-month,58.21,1037.51,Electronic check,No,Yes,No,No
CUST101502,Male,1,No,Yes,55,Fiber optic,One year,38.4,2052.98,Electronic check,No,No,No,No
CUST101503,Male,0,Yes,Yes,45,DSL,One year,93.27,4245.56,Mailed check,Yes,Yes,No,No
CUST101504,Male,0,Yes,No,8,DSL,One year,45.6,346.4,Bank transfer,Yes,Yes,No internet,No
CUST101505,Female,0,Yes,No,53,Fiber optic,Month-to-month,71.62,3796.98,Electronic check,Yes,No internet,No,Yes
CUST101506,Female,0,No,No,55,Fiber optic,Month-to-month,29.3,1807.85,Mailed check,Yes,No,Yes,No
CUST101507,Male,0,No,No,32,DSL,One year,92.45,2871.7,Credit card,Yes,Yes,No internet,No
CUST101508,Female,0,No,No,51,Fiber optic,Month-to-month,101.42,5193.75,Electronic check,No,No,No,No
CUST101509,Male,0,No,No,44,No,Month-to-month,84.11,3731.3,Electronic check,No,No,No,No
CUST101510,Male,0,Yes,No,70,DSL,Two year,33.64,2438.8,Mailed check,Yes,No internet,No internet,No
CUST101511,Male,0,No,No,18,Fiber optic,Month-to-month,92.97,1604.45,Bank transfer,Yes,No,No internet,Yes
CUST101512,Male,0,Yes,Yes,22,DSL,Month-to-month,51.32,1247.71,Bank transfer,Yes,No internet,Yes,No
CUST101513,Female,0,Yes,Yes,37,Fiber optic,Month-to-month,42.73,1602.0,Mailed check,No,No,Yes,No
CUST101514,Male,0,No,No,56,Fiber optic,One year,62.41,3428.66,Credit card,No,No,Yes,No
CUST101515,Female,0,No,Yes,59,No,Month-to-month,61.92,3638.83,Bank transfer,Yes,No internet,No,No
CUST101516,Female,0,Yes,No,3,DSL,One year,59.37,258.31,Electronic check,Yes,Yes,No,No
CUST101517,Female,0,No,No,28,Fiber optic,Month-to-month,103.84,3074.13,Bank transfer,Yes,Yes,No,Yes
CUST101518,Female,0,Yes,No,35,Fiber optic,Month-to-month,122.3,4252.39,Electronic check,No,Yes,No,Yes
CUST101519,Female,0,No,Yes,61,Fiber optic,One year,37.77,2473.26,Bank transfer,Yes,,Yes,No
CUST101520,Male,1,Yes,No,54,Fiber optic,Month-to-month,54.78,3057.51,Electronic check,No,Yes,Yes,Yes
CUST101521,Female,0,No,No,63,DSL,Two year,75.57,4720.06,Bank transfer,Yes,No,No internet,No
CUST101522,Male,0,Yes,Yes,7,Fiber optic,Month-to-month,62.28,484.15,Electronic check,No,No,No internet,No
CUST101523,Male,0,No,No,49,No,Month-to-month,81.98,4086.79,Credit card,Yes,No,Yes,Yes
CUST101524,Male,0,No,Yes,31,Fiber optic,Month-to-month,94.9,2922.72,Electronic check,No,No,Yes,No
CUST101525,Male,0,No,No,58,DSL,Month-to-month,90.73,5210.79,Bank transfer,No,Yes,No,Yes
CUST101526,Female,0,Yes,Yes,61,No,Two year,87.24,5310.95,Electronic check,No,No,Yes,No
CUST101527,Female,0,No,No,24,DSL,Two year,113.48,2692.53,Credit card,No,No,Yes,No
CUST101528,Male,0,Yes,Yes,20,Fiber optic,Month-to-month,32.28,667.68,Credit card,Yes,Yes,No,Yes
CUST101529,Male,1,Yes,Yes,37,Fiber optic,One year,109.0,4207.61,Electronic check,Yes,No internet,Yes,No
CUST101530,Male,0,No,Yes,4,Fiber optic,One year,61.68,283.42,Credit card,Yes,No,No,No
CUST101531,Male,1,No,No,20,No,Month-to-month,91.63,1977.31,Mailed check,Yes,No internet,No internet,Yes
CUST101532,Male,0,No,Yes,60,No,Month-to-month,46.26,2821.07,Bank transfer,Yes,Yes,No internet,No
CUST101533,Male,0,Yes,Yes,24,No,Two year,49.29,1414.43,Bank transfer,No,No,No,No
CUST101534,Female,0,Yes,No,50,DSL,Two year,88.55,4362.41,Electronic check,No,No,No,Yes
CUST101535,Female,1,Yes,Yes,49,Fiber optic,Two year,23.78,999.96,Credit card,Yes,No,No,No
CUST101536,Female,0,Yes,No,51,No,One year,96.74,4955.6,Mailed check,No,No,Yes,No
CUST101537,Female,0,Yes,No,36,No,One year,103.5,3757.95,Electronic check,Yes,No internet,No,No
CUST101538,Male,0,No,No,66,Fiber optic,Month-to-month,76.44,5171.14,Credit card,No,No,Yes,No
CUST101539,Female,1,Yes,No,34,Fiber optic,Month-to-month,75.54,2720.72,Bank transfer,Yes,No,Yes,No
CUST101540,Female,0,No,No,36,DSL,Month-to-month,51.16,1717.03,Electronic check,Yes,No internet,No,Yes
CUST101541,Male,0,No,No,6,Fiber optic,One year,88.86,519.38,Electronic check,Yes,No,Yes,Yes
CUST101542,Female,1,Yes,No,39,Fiber optic,One year,80.69,3158.03,Bank transfer,No,No,No internet,No
CUST101543,Male,1,Yes,No,42,No,Two year,48.96,1964.03,Electronic check,No,Yes,No internet,No
CUST101544,Male,0,No,Yes,58,No,Two year,62.21,3596.99,Credit card,Yes,No internet,Yes,No
CUST101545,Male,1,Yes,No,12,Fiber optic,Two year,68.02,903.51,Bank transfer,Yes,No,Yes,No
CUST101546,Male,0,No,No,3,Fiber optic,Two year,62.18,279.53,Electronic check,No,No,Yes,No
CUST101547,Male,0,Yes,No,18,DSL,Month-to-month,37.93,712.7,Mailed check,Yes,Yes,No internet,No
CUST101548,Female,0,No,No,40,DSL,One year,89.48,3714.88,Mailed check,Yes,No,Yes,No
CUST101549,Male,0,No,No,21,Fiber optic,One year,65.91,1411.99,Mailed check,Yes,No,No,No
CUST101550,Female,0,Yes,No,15,DSL,Month-to-month,72.38,1188.03,Credit card,No,No,Yes,No
CUST101551,Male,0,Yes,Yes,26,No,Two year,57.54,1428.97,Credit card,Yes,No,No,No
CUST101552,Male,0,Yes,No,8,No,Two year,83.88,609.26,Bank transfer,Yes,Yes,No,No
CUST101553,Male,0,Yes,No,42,Fiber optic,Month-to-month,76.97,3398.91,Mailed check,Yes,Yes,No,No
CUST101554,Female,1,Yes,No,44,Fiber optic,Month-to-month,102.32,4463.05,Electronic check,No,No,No,Yes
CUST101555,Male,0,Yes,Yes,14,No,One year,84.01,1257.23,Bank transfer,Yes,Yes,No,No
CUST101556,Female,0,Yes,No,2,Fiber optic,One year,66.93,91.7,Bank transfer,No,No,No,No
CUST101557,Female,0,Yes,No,37,DSL,Two year,53.51,2011.09,Bank transfer,Yes,No,No,No
CUST101558,Female,0,Yes,Yes,69,Fiber optic,Month-to-month,93.65,6450.99,Electronic check,Yes,No internet,No internet,No
CUST101559,Male,0,No,Yes,38,Fiber optic,Month-to-month,64.94,2525.01,Credit card,No,Yes,No,Yes
CUST101560,Female,0,Yes,No,41,Fiber optic,Month-to-month,67.71,2832.98,Electronic check,Yes,Yes,No,Yes
CUST101561,Male,0,Yes,No,62,Fiber optic,Month-to-month,67.7,4144.48,Bank transfer,No,No,No,No
CUST101562,Male,1,No,No,60,No,Month-to-month,61.96,3777.59,Bank transfer,No,No,Yes,No
CUST101563,Male,0,Yes,No,14,Fiber optic,Two year,68.14,862.56,Bank transfer,No,Yes,No internet,No
CUST101564,Male,0,No,No,2,No,Month-to-month,120.16,378.38,Mailed check,Yes,No,Yes,No
CUST101565,Male,1,No,No,70,No,Month-to-month,45.8,3234.74,Bank transfer,No,No,Yes,No
CUST101566,Male,0,Yes,Yes,17,Fiber optic,Month-to-month,51.64,635.66,Electronic check,No,Yes,No,Yes
CUST101567,Female,0,No,No,28,DSL,Month-to-month,106.61,2880.4,Bank transfer,No,Yes,Yes,No
CUST101568,Male,0,Yes,No,66,Fiber optic,Two year,62.63,4188.33,Electronic check,No,No internet,No,No
CUST101569,Male,1,No,No,35,DSL,One year,60.73,2202.4,Mailed check,Yes,Yes,Yes,No
CUST101570,Female,0,Yes,No,5,DSL,One year,97.87,458.09,Electronic check,No,Yes,No internet,Yes
CUST101571,Female,0,No,No,65,Fiber optic,Month-to-month,36.5,2385.06,Credit card,Yes,Yes,No internet,No
CUST101572,Male,0,No,Yes,40,Fiber optic,Month-to-month,92.54,3759.65,Bank transfer,Yes,No,No,No
CUST101573,Male,1,Yes,Yes,56,DSL,Month-to-month,73.14,4200.73,Bank transfer,No,No,No,Yes
CUST101574,Female,0,No,Yes,36,No,Month-to-month,83.62,3082.95,Bank transfer,No,Yes,Yes,No
CUST101575,Female,0,No,Yes,45,Fiber optic,Two year,83.15,3696.92,Credit card,No,Yes,No,No
CUST101576,Male,0,No,Yes,23,DSL,Month-to-month,56.3,1404.04,Electronic check,No,Yes,No,No
CUST101577,Female,0,No,No,47,Fiber optic,One year,98.28,4445.29,Bank transfer,Yes,No,Yes,No
CUST101578,Female,0,No,No,31,DSL,Month-to-month,58.25,1783.36,Bank transfer,Yes,Yes,No internet,No
CUST101579,Male,1,No,Yes,11,Fiber optic,One year,82.22,954.02,Electronic check,Yes,No internet,No,Yes
CUST101580,Female,0,No,No,10,DSL,Two year,102.94,932.92,Electronic check,Yes,Yes,Yes,No
CUST101581,Female,0,Yes,No,67,Fiber optic,One year,106.47,7137.89,Electronic check,Yes,Yes,No,No
CUST101582,Female,1,Yes,Yes,14,DSL,One year,65.32,958.74,Electronic check,No,Yes,No,No
CUST101583,Female,0,Yes,Yes,10,DSL,Two year,83.58,773.74,Mailed check,Yes,No,No,No
CUST101584,Female,0,No,No,1,DSL,One year,63.01,78.25,Electronic check,Yes,No,Yes,Yes
CUST101585,Female,1,Yes,No,5,DSL,Month-to-month,134.59,575.12,Bank transfer,Yes,No internet,No,Yes
CUST101586,Male,0,No,No,20,DSL,Month-to-month,91.5,1910.45,Electronic check,Yes,Yes,No,Yes
CUST101587,Male,0,Yes,No,8,No,One year,74.1,635.47,Electronic check,Yes,Yes,Yes,No
CUST101588,Male,0,No,No,43,DSL,One year,79.81,3490.93,Credit card,Yes,No,Yes,Yes
CUST101589,Female,0,Yes,Yes,1,No,Month-to-month,82.18,82.18,Mailed check,Yes,No,No,No
CUST101590,Female,0,Yes,No,57,DSL,Month-to-month,82.92,4593.16,Electronic check,Yes,No,No,No
CUST101591,Male,0,No,No,64,DSL,Two year,66.0,4213.38,Bank transfer,No,Yes,No internet,No
CUST101592,Female,1,Yes,Yes,28,Fiber optic,Month-to-month,62.14,1878.01,Electronic check,Yes,Yes,No,No
CUST101593,Male,0,No,No,37,DSL,Month-to-month,68.2,2604.71,Electronic check,Yes,Yes,No internet,Yes
CUST101594,Female,1,Yes,Yes,47,Fiber optic,Month-to-month,43.51,2184.59,Electronic check,No,No,No,No
CUST101595,Female,0,Yes,No,37,No,Two year,89.96,3332.95,Credit card,Yes,No,No,No
CUST101596,Female,0,No,Yes,49,DSL,Month-to-month,51.96,2490.69,Bank transfer,Yes,No,Yes,No
CUST101597,Male,0,No,No,44,No,One year,45.5,2048.93,Credit card,No,Yes,Yes,No
CUST101598,Male,0,Yes,No,56,Fiber optic,Month-to-month,71.64,3996.47,Credit card,No,No,No,No
CUST101599,Male,0,Yes,No,28,Fiber optic,One year,68.75,1880.36,Credit card,Yes,No,No,No
CUST101600,Male,0,Yes,No,6,No,Two year,78.24,330.66,Bank transfer,No,Yes,No,No
CUST101601,Male,0,Yes,No,61,Fiber optic,Month-to-month,57.79,3551.93,Bank transfer,Yes,No internet,No,Yes
CUST101602,Female,0,No,No,20,Fiber optic,Month-to-month,62.19,1318.76,Electronic check,No,No,Yes,Yes
CUST101603,Female,1,Yes,Yes,2,No,Month-to-month,89.3,89.3,Electronic check,No,No,Yes,Yes
CUST101604,Female,1,Yes,No,37,DSL,Month-to-month,87.78,3367.0,Bank transfer,Yes,No,No internet,No
CUST101605,Female,0,No,Yes,20,Fiber optic,Two year,86.74,1754.77,Bank transfer,Yes,No,Yes,No
CUST101606,Male,0,No,Yes,26,No,Month-to-month,72.85,1902.93,Credit card,Yes,No,No,No
CUST101607,Male,0,No,Yes,29,Fiber optic,One year,76.22,2112.83,Mailed check,No,No internet,No internet,Yes
CUST101608,Male,0,Yes,Yes,1,No,Month-to-month,77.76,119.96,Bank transfer,No,No,Yes,No
CUST101609,Female,0,No,No,35,Fiber optic,Month-to-month,55.6,1853.78,Bank transfer,No,No,Yes,No
CUST101610,Male,0,Yes,No,70,DSL,Month-to-month,108.85,7543.11,Electronic check,Yes,No,No,No
CUST101611,Male,0,Yes,No,59,Fiber optic,One year,105.29,6078.32,Bank transfer,No,Yes,Yes,Yes
CUST101612,Female,0,No,No,69,DSL,Month-to-month,91.86,6554.37,Bank transfer,Yes,Yes,No,Yes
CUST101613,Female,0,No,No,33,Fiber optic,One year,61.35,2020.69,Mailed check,Yes,Yes,No,Yes
CUST101614,Male,0,No,No,51,DSL,Month-to-month,85.48,4310.71,Mailed check,No,No,No,No
CUST101615,Male,1,No,No,12,Fiber optic,Month-to-month,96.46,1154.17,Electronic check,Yes,No,No,Yes
CUST101616,Male,1,No,Yes,20,Fiber optic,One year,41.42,788.24,Mailed check,Yes,No,No internet,No
CUST101617,Female,0,Yes,Yes,53,DSL,Two year,114.36,6046.75,Bank transfer,No,Yes,No internet,No
CUST101618,Female,0,Yes,Yes,43,DSL,Month-to-month,28.52,1256.11,Mailed check,Yes,No,No,No
CUST101619,Female,0,Yes,No,50,Fiber optic,One year,89.62,4448.5,Mailed check,No,No,No,No
CUST101620,Female,0,No,No,29,Fiber optic,Month-to-month,108.33,3151.49,Electronic check,Yes,Yes,No,Yes
CUST101621,Female,0,Yes,Yes,57,Fiber optic,One year,69.17,4129.33,Electronic check,Yes,No,Yes,No
CUST101622,Female,0,Yes,No,39,Fiber optic,Two year,68.24,2514.69,Electronic check,Yes,No,No,No
CUST101623,Male,0,No,Yes,56,Fiber optic,Two year,88.69,4875.57,Mailed check,Yes,Yes,Yes,Yes
CUST101624,Male,0,No,Yes,43,Fiber optic,One year,118.3,5126.38,Bank transfer,No,Yes,Yes,No
CUST101625,Male,0,Yes,No,50,DSL,Month-to-month,64.97,3357.97,Credit card,Yes,No,No,Yes
CUST101626,Female,0,Yes,No,23,DSL,Two year,52.48,1446.42,Electronic check,Yes,No,Yes,No
CUST101627,Female,0,No,No,44,Fiber optic,Month-to-month,61.41,2735.2,Electronic check,Yes,No internet,No,Yes
CUST101628,Male,0,Yes,No,38,No,Month-to-month,33.19,1163.7,Mailed check,No,No,No,Yes
CUST101629,Male,0,Yes,No,23,No,Month-to-month,94.44,2292.55,Mailed check,Yes,No,No,No
CUST101630,Female,0,No,Yes,45,Fiber optic,Two year,59.15,2671.72,Bank transfer,Yes,Yes,No,No
CUST101631,Female,0,No,No,52,Fiber optic,Two year,66.79,3479.96,Credit card,No,No,Yes,No
CUST101632,Female,0,Yes,No,50,No,Month-to-month,94.74,4581.57,Credit card,Yes,Yes,No,Yes
CUST101633,Male,0,No,No,8,Fiber optic,One year,62.58,594.12,Electronic check,No,No,No,No
CUST101634,Female,0,Yes,No,1,Fiber optic,Two year,90.98,90.98,Credit card,No,Yes,Yes,No
CUST101635,Female,0,No,Yes,8,DSL,Month-to-month,46.05,413.75,Electronic check,Yes,Yes,Yes,Yes
CUST101636,Female,1,Yes,No,29,DSL,Month-to-month,95.97,2788.51,Bank transfer,No,Yes,No,Yes
CUST101637,Female,0,Yes,Yes,5,Fiber optic,One year,80.55,418.71,Bank transfer,No,Yes,Yes,No
CUST101638,Male,1,No,Yes,47,DSL,Month-to-month,69.79,3284.28,Bank transfer,No,No,No,No
CUST101639,Male,0,No,Yes,34,DSL,Month-to-month,75.27,2498.86,Electronic check,Yes,Yes,Yes,No
CUST101640,Female,0,Yes,No,65,DSL,One year,39.83,2521.67,Electronic check,No,No internet,No internet,No
CUST101641,Female,0,No,No,55,No,Two year,74.7,4184.32,Bank transfer,Yes,No,Yes,No
CUST101642,Female,0,Yes,Yes,43,Fiber optic,One year,68.46,2942.52,Electronic check,Yes,No,No internet,No
CUST101643,Female,0,No,Yes,30,DSL,One year,40.51,1162.91,Electronic check,No,No,Yes,No
CUST101644,Female,0,No,Yes,17,Fiber optic,Month-to-month,55.22,897.75,Bank transfer,No,No,No,No
CUST101645,Female,1,No,No,26,Fiber optic,Month-to-month,68.77,1843.06,Mailed check,Yes,Yes,Yes,No
CUST101646,Female,1,No,No,8,Fiber optic,One year,56.82,400.31,Bank transfer,Yes,No internet,No,No
CUST101647,Female,0,No,Yes,47,Fiber optic,Month-to-month,20.0,1067.67,Electronic check,No,No,Yes,No
CUST101648,Male,0,Yes,No,72,Fiber optic,Two year,98.91,7109.07,Credit card,No,Yes,No internet,No
CUST101649,Male,0,Yes,No,46,Fiber optic,Month-to-month,68.45,3120.74,Electronic check,Yes,No,No,No
CUST101650,Female,0,Yes,No,68,Fiber optic,Month-to-month,20.0,1409.43,Credit card,Yes,No,Yes,No
CUST101651,Male,1,No,Yes,33,DSL,Month-to-month,125.37,4114.48,Mailed check,No,Yes,No,No
CUST101652,Male,0,No,No,1,Fiber optic,Two year,103.03,133.57,Bank transfer,Yes,No internet,No,No
CUST101653,Male,0,No,No,19,DSL,Month-to-month,63.28,1197.87,Credit card,Yes,Yes,Yes,Yes
CUST101654,Male,1,No,No,31,Fiber optic,Month-to-month,50.94,1440.26,Electronic check,Yes,No,No,Yes
CUST101655,Female,0,Yes,No,14,Fiber optic,Month-to-month,82.08,1063.74,Electronic check,Yes,No internet,No,Yes
CUST101656,Female,1,Yes,Yes,53,Fiber optic,Two year,77.06,4107.61,Mailed check,Yes,,Yes,No
CUST101657,Female,0,No,No,48,Fiber optic,Month-to-month,85.55,4070.32,Electronic check,No,Yes,No,Yes
CUST101658,Female,1,Yes,No,69,DSL,Month-to-month,51.01,3684.39,Mailed check,Yes,Yes,Yes,Yes
CUST101659,Male,0,No,No,62,Fiber optic,Month-to-month,99.44,6102.33,Electronic check,Yes,Yes,No,Yes
CUST101660,Male,0,Yes,No,66,No,One year,60.16,3865.82,Credit card,Yes,Yes,No,No
CUST101661,Male,0,Yes,No,64,No,Month-to-month,89.02,5700.45,Bank transfer,Yes,No,Yes,No
CUST101662,Male,0,No,Yes,70,Fiber optic,Month-to-month,52.08,3665.68,Electronic check,Yes,No,Yes,No
CUST101663,Female,1,Yes,Yes,63,DSL,Month-to-month,138.2,8777.28,Credit card,Yes,No,No,No
CUST101664,Female,0,Yes,No,33,Fiber optic,One year,89.39,2749.47,Electronic check,No,No,No,No
CUST101665,Female,1,No,No,41,DSL,One year,144.11,6029.11,Electronic check,No,No,Yes,No
CUST101666,Male,1,Yes,No,48,DSL,Month-to-month,92.69,4344.41,Mailed check,Yes,No,Yes,No
CUST101667,Female,0,Yes,Yes,13,Fiber optic,Two year,57.96,840.62,Bank transfer,Yes,Yes,Yes,No
CUST101668,Female,0,Yes,No,31,Fiber optic,Two year,92.73,3031.23,Mailed check,Yes,No,No,No
CUST101669,Female,0,Yes,No,68,Fiber optic,Month-to-month,94.51,6486.42,Bank transfer,No,Yes,Yes,Yes
CUST101670,Male,0,No,Yes,4,Fiber optic,One year,81.33,233.58,Electronic check,Yes,No internet,No,Yes
CUST101671,Female,0,No,No,19,DSL,One year,87.76,1652.0,Credit card,No,No,Yes,Yes
CUST101672,Female,0,No,No,70,Fiber optic,Two year,91.04,6433.25,Bank transfer,Yes,No,No,No
CUST101673,Female,0,No,No,13,Fiber optic,Month-to-month,47.16,615.74,Electronic check,No,No,Yes,No
CUST101674,Female,0,Yes,No,23,Fiber optic,Month-to-month,45.38,959.8,Bank transfer,Yes,No,Yes,No
CUST101675,Male,0,No,Yes,1,DSL,Month-to-month,52.14,60.13,Bank transfer,No,Yes,No,No
CUST101676,Female,1,Yes,Yes,54,Fiber optic,Two year,75.19,4018.92,Electronic check,Yes,No,Yes,No
CUST101677,Male,0,Yes,No,71,DSL,Month-to-month,66.42,4763.98,Electronic check,Yes,No,Yes,No
CUST101678,Female,0,Yes,No,15,DSL,Month-to-month,47.61,629.21,Electronic check,No,Yes,No internet,No
CUST101679,Female,0,No,No,65,DSL,Month-to-month,91.38,5784.97,Credit card,No,No internet,Yes,No
CUST101680,Female,0,No,No,71,DSL,Month-to-month,79.08,5533.35,Bank transfer,No,No,Yes,No
CUST101681,Female,0,No,No,15,Fiber optic,One year,76.22,1006.86,Electronic check,No,Yes,Yes,No
CUST101682,Female,0,Yes,No,21,Fiber optic,Month-to-month,65.55,1326.29,Electronic check,Yes,No,No internet,Yes
CUST101683,Male,0,Yes,No,19,DSL,Month-to-month,62.54,1241.95,Mailed check,Yes,No,Yes,Yes
CUST101684,Female,0,No,No,60,No,Two year,50.97,3026.68,Mailed check,Yes,No,Yes,No
CUST101685,Female,0,No,No,33,DSL,Month-to-month,95.34,3144.28,Bank transfer,No,No,Yes,No
CUST101686,Female,0,Yes,No,49,Fiber optic,One year,54.41,2585.69,Credit card,Yes,No,No,Yes
CUST101687,Male,0,No,No,35,Fiber optic,Month-to-month,77.23,2704.64,Mailed check,No,No,No,No
CUST101688,Male,0,Yes,No,44,No,Month-to-month,113.55,4919.72,Mailed check,Yes,Yes,No,No
CUST101689,Female,1,Yes,No,11,Fiber optic,Two year,63.69,605.49,Mailed check,Yes,Yes,No internet,No
CUST101690,Male,1,Yes,No,72,Fiber optic,One year,96.02,6895.37,Credit card,Yes,Yes,No,No
CUST101691,Female,0,Yes,No,66,Fiber optic,Month-to-month,86.22,5636.41,Electronic check,Yes,Yes,No internet,No
CUST101692,Male,0,Yes,No,46,No,Two year,79.79,3445.2,Mailed check,Yes,Yes,No,No
CUST101693,Female,0,No,No,9,Fiber optic,Two year,82.76,738.49,Bank transfer,Yes,No,No,No
CUST101694,Male,1,Yes,No,3,Fiber optic,Two year,69.63,130.95,Electronic check,Yes,No,Yes,No
CUST101695,Male,0,Yes,No,26,DSL,Month-to-month,72.87,1811.19,Electronic check,No,Yes,No,No
CUST101696,Male,0,No,Yes,72,Fiber optic,Month-to-month,58.3,4309.27,Bank transfer,Yes,Yes,No,No
CUST101697,Male,0,No,No,48,No,One year,73.04,3574.23,Electronic check,Yes,Yes,No,No
CUST101698,Male,0,No,Yes,66,DSL,One year,57.37,3816.41,Electronic check,No,No,No internet,No
CUST101699,Male,0,Yes,Yes,70,Fiber optic,Month-to-month,97.14,6804.62,Mailed check,Yes,Yes,Yes,No
CUST101700,Male,0,No,No,28,No,One year,29.51,874.75,Mailed check,Yes,No,No,No
CUST101701,Male,0,Yes,Yes,26,No,Month-to-month,84.03,2153.38,Electronic check,Yes,No,No,No
CUST101702,Female,0,No,No,25,Fiber optic,Month-to-month,80.41,2016.58,Credit card,Yes,No,Yes,No
CUST101703,Female,0,Yes,No,12,Fiber optic,Month-to-month,78.15,905.5,Electronic check,Yes,No,No,Yes
CUST101704,Female,0,No,Yes,5,DSL,One year,97.61,497.03,Bank transfer,Yes,Yes,No,No
CUST101705,Female,0,No,Yes,48,Fiber optic,Month-to-month,64.85,3135.64,Electronic check,Yes,Yes,No,No
CUST101706,Female,0,No,No,37,No,Two year,78.39,2918.28,Mailed check,Yes,Yes,No,No
CUST101707,Female,0,No,No,44,No,One year,29.09,1250.56,Electronic check,Yes,Yes,No,No
CUST101708,Male,0,Yes,Yes,15,Fiber optic,One year,61.62,979.56,Electronic check,Yes,Yes,No,Yes
CUST101709,Male,0,Yes,Yes,43,No,Two year,93.39,3999.58,Electronic check,Yes,No,No,No
CUST101710,Male,0,No,No,48,Fiber optic,One year,38.52,1830.71,Mailed check,Yes,Yes,No,No
CUST101711,Female,0,No,No,70,DSL,Two year,75.99,5173.59,Mailed check,No,No internet,Yes,No
CUST101712,Male,0,No,No,46,Fiber optic,Month-to-month,55.06,2464.65,Electronic check,No,Yes,No,Yes
CUST101713,Male,0,Yes,No,43,No,Month-to-month,69.23,3046.16,Credit card,No,No,No,Yes
CUST101714,Male,0,No,Yes,21,DSL,Month-to-month,56.56,1250.45,Electronic check,No,No,No internet,No
CUST101715,Male,0,Yes,No,23,DSL,Month-to-month,40.82,937.1,Mailed check,No,Yes,No,Yes
CUST101716,Female,1,Yes,Yes,47,No,Two year,81.65,3792.89,Electronic check,Yes,Yes,No,No
CUST101717,Male,0,Yes,Yes,15,DSL,Month-to-month,70.76,1073.52,Mailed check,Yes,No,Yes,No
CUST101718,Male,0,No,No,25,Fiber optic,Month-to-month,87.32,1991.44,Bank transfer,Yes,No internet,No,Yes
CUST101719,Female,0,No,No,36,No,One year,91.86,3318.14,Mailed check,Yes,No,No,Yes
CUST101720,Female,0,Yes,No,51,DSL,One year,102.63,5134.37,Electronic check,Yes,Yes,Yes,No
CUST101721,Female,0,No,No,15,No,Month-to-month,75.34,1122.83,Electronic check,No,No,Yes,Yes
CUST101722,Male,1,No,No,68,No,One year,103.72,7069.95,Bank transfer,No,Yes,No,No
CUST101723,Male,0,Yes,No,21,Fiber optic,Month-to-month,47.61,971.84,Electronic check,Yes,No internet,Yes,No
CUST101724,Male,0,No,No,13,Fiber optic,Month-to-month,94.72,1291.09,Mailed check,Yes,No,No,No
CUST101725,Female,0,No,No,19,Fiber optic,One year,83.48,1535.56,Electronic check,Yes,Yes,No,Yes
CUST101726,Male,0,Yes,No,34,DSL,One year,77.83,2587.93,Electronic check,No,Yes,No,No
CUST101727,Female,1,Yes,No,68,Fiber optic,Month-to-month,83.12,5702.11,Electronic check,Yes,Yes,Yes,No
CUST101728,Female,0,No,Yes,52,DSL,Two year,47.98,2466.15,Credit card,Yes,No,No,No
CUST101729,Female,0,Yes,No,27,Fiber optic,Month-to-month,42.08,1243.9,Bank transfer,No,No internet,Yes,No
CUST101730,Male,0,Yes,No,29,Fiber optic,Month-to-month,114.75,3328.83,Bank transfer,Yes,Yes,Yes,Yes
CUST101731,Female,0,Yes,Yes,28,Fiber optic,Month-to-month,67.78,1941.94,Electronic check,Yes,No,No,Yes
CUST101732,Female,0,No,Yes,35,Fiber optic,One year,67.43,2434.55,Mailed check,Yes,No internet,Yes,No
CUST101733,Male,0,Yes,Yes,8,DSL,One year,44.44,349.79,Mailed check,No,Yes,No,No
CUST101734,Female,0,No,No,16,Fiber optic,Month-to-month,34.96,437.19,Bank transfer,No,Yes,No,Yes
CUST101735,Female,0,No,No,36,Fiber optic,Month-to-month,69.79,2562.64,Electronic check,Yes,Yes,Yes,No
CUST101736,Male,0,No,No,30,Fiber optic,One year,63.46,1999.23,Credit card,Yes,Yes,No,No
CUST101737,Male,0,No,No,18,DSL,Month-to-month,72.04,1275.47,Mailed check,Yes,Yes,Yes,No
CUST101738,Female,0,Yes,No,2,DSL,Month-to-month,74.18,227.77,Credit card,No,No internet,No,No
CUST101739,Female,0,Yes,No,49,Fiber optic,One year,134.24,6484.32,Electronic check,Yes,No,No,No
CUST101740,Male,0,No,No,4,DSL,Month-to-month,63.54,266.13,Electronic check,Yes,Yes,Yes,Yes
CUST101741,Female,0,No,No,7,Fiber optic,Two year,111.5,757.63,Electronic check,Yes,No,Yes,No
CUST101742,Female,0,No,No,39,Fiber optic,Month-to-month,113.05,4282.8,Bank transfer,Yes,No,No,No
CUST101743,Female,0,No,No,13,DSL,One year,90.84,1212.78,Electronic check,Yes,No,No,No
CUST101744,Female,1,No,No,31,Fiber optic,Month-to-month,66.12,1978.67,Credit card,Yes,Yes,No,No
CUST101745,Male,0,No,Yes,71,DSL,Two year,37.96,2725.27,Credit card,Yes,Yes,No,No
CUST101746,Female,0,No,Yes,63,Fiber optic,Month-to-month,83.95,5209.01,Bank transfer,No,No,No,No
CUST101747,Female,0,No,No,56,No,One year,97.47,5324.42,Bank transfer,Yes,Yes,Yes,No
CUST101748,Male,1,Yes,Yes,42,Fiber optic,One year,115.69,4801.84,Bank transfer,Yes,Yes,No,No
CUST101749,Female,0,No,No,61,DSL,Month-to-month,48.25,3026.06,Bank transfer,No,No,No,Yes
CUST101750,Female,0,No,No,42,No,Month-to-month,65.91,2755.43,Mailed check,Yes,Yes,No,No
CUST101751,Female,0,No,No,56,Fiber optic,One year,48.4,2713.25,Bank transfer,Yes,No internet,Yes,No
CUST101752,Female,1,No,Yes,36,DSL,Two year,56.16,2032.93,Credit card,Yes,No,No,No
CUST101753,Male,0,Yes,No,68,Fiber optic,Month-to-month,88.61,6033.62,Electronic check,No,Yes,No,No
CUST101754,Male,0,Yes,No,7,DSL,Month-to-month,55.02,535.08,Credit card,No,Yes,No,No
CUST101755,Female,0,Yes,Yes,54,Fiber optic,Two year,51.39,2771.74,Electronic check,Yes,No,No,No
CUST101756,Male,1,Yes,No,1,Fiber optic,Month-to-month,91.92,91.92,Mailed check,No,No,No,Yes
CUST101757,Male,0,No,Yes,44,DSL,Two year,83.27,3634.13,Electronic check,No,No,No internet,No
CUST101758,Male,0,No,No,45,Fiber optic,One year,80.75,3639.22,Electronic check,Yes,No,Yes,No
CUST101759,Female,0,Yes,No,47,DSL,One year,55.68,2516.09,Credit card,Yes,No,No,No
CUST101760,Female,0,Yes,Yes,13,Fiber optic,Month-to-month,104.33,1337.25,Credit card,Yes,No internet,No,No
CUST101761,Male,0,Yes,No,22,Fiber optic,Month-to-month,72.36,1573.9,Credit card,Yes,No,No,No
CUST101762,Male,0,No,Yes,21,DSL,One year,131.5,2903.57,Credit card,Yes,No,Yes,No
CUST101763,Male,1,No,Yes,9,DSL,Two year,76.03,630.06,Electronic check,No,No,Yes,No
CUST101764,Male,0,No,No,26,Fiber optic,Two year,20.0,595.97,Electronic check,Yes,No,No internet,No
CUST101765,Male,1,No,No,9,Fiber optic,Month-to-month,20.0,168.32,Mailed check,Yes,No,No,No
CUST101766,Male,0,Yes,No,15,Fiber optic,Month-to-month,87.6,1382.81,Credit card,Yes,No,No,Yes
CUST101767,Male,0,No,No,10,Fiber optic,Month-to-month,104.51,1156.76,Electronic check,Yes,No,No,No
CUST101768,Female,0,No,No,42,Fiber optic,Two year,52.4,2231.3,Credit card,No,No,Yes,No
CUST101769,Female,0,Yes,Yes,72,Fiber optic,Month-to-month,124.52,8960.84,Bank transfer,Yes,Yes,No,No
CUST101770,Female,0,No,No,24,DSL,Month-to-month,113.57,2817.56,Credit card,Yes,No,No,Yes
CUST101771,Female,0,No,Yes,49,DSL,Month-to-month,77.26,3668.68,Mailed check,Yes,Yes,No,No
CUST101772,Male,1,No,Yes,26,Fiber optic,Month-to-month,85.49,2236.6,Mailed check,Yes,Yes,Yes,Yes
CUST101773,Female,0,No,Yes,37,Fiber optic,Two year,94.36,3391.61,Bank transfer,Yes,No internet,No internet,No
CUST101774,Male,0,No,Yes,68,Fiber optic,Month-to-month,119.25,8172.99,Credit card,No,Yes,Yes,No
CUST101775,Female,0,No,Yes,50,DSL,Month-to-month,89.05,4460.37,Electronic check,Yes,Yes,Yes,Yes
CUST101776,Female,0,Yes,Yes,24,No,Month-to-month,76.7,1835.01,Credit card,Yes,Yes,No,Yes
CUST101777,Male,0,Yes,Yes,19,DSL,Month-to-month,88.81,1657.79,Credit card,Yes,Yes,No,No
CUST101778,Male,0,No,Yes,60,DSL,Month-to-month,85.43,5179.94,Electronic check,No,No,No,Yes
CUST101779,Female,0,Yes,Yes,39,DSL,Month-to-month,95.11,3566.31,Electronic check,Yes,Yes,No,Yes
CUST101780,Female,0,No,Yes,18,Fiber optic,One year,32.75,741.71,Mailed check,No,Yes,No,No
CUST101781,Female,1,Yes,No,19,Fiber optic,Month-to-month,79.9,1506.72,Mailed check,Yes,Yes,Yes,Yes
CUST101782,Female,0,No,No,36,DSL,Month-to-month,83.51,2902.37,Bank transfer,Yes,Yes,No internet,Yes
CUST101783,Female,1,No,No,55,Fiber optic,Month-to-month,70.18,3649.58,Electronic check,Yes,Yes,Yes,No
CUST101784,Male,0,No,No,69,DSL,One year,91.6,6306.94,Bank transfer,No,No,Yes,No
CUST101785,Male,0,No,No,47,DSL,One year,120.03,5659.83,Bank transfer,Yes,Yes,Yes,No
CUST101786,Male,0,Yes,Yes,49,DSL,One year,75.46,3721.97,Electronic check,Yes,Yes,No,No
CUST101787,Male,0,No,No,33,Fiber optic,One year,89.29,2830.54,Bank transfer,Yes,No internet,Yes,Yes
CUST101788,Male,0,No,No,21,DSL,One year,112.16,2256.97,Electronic check,No,No internet,Yes,No
CUST101789,Male,0,Yes,Yes,22,DSL,Month-to-month,76.04,1781.37,Electronic check,Yes,Yes,No,Yes
CUST101790,Female,0,No,Yes,48,DSL,Two year,49.79,2265.71,Bank transfer,No,Yes,Yes,No
CUST101791,Male,0,Yes,Yes,37,DSL,Month-to-month,87.39,3242.33,Credit card,No,No,Yes,No
CUST101792,Female,0,Yes,Yes,15,No,Month-to-month,20.0,269.18,Electronic check,Yes,No,Yes,No
CUST101793,Female,0,No,No,35,Fiber optic,One year,20.0,657.13,Mailed check,No,No internet,No,No
CUST101794,Female,0,No,No,71,Fiber optic,Month-to-month,80.33,5681.51,Electronic check,Yes,No,No internet,Yes
CUST101795,Female,0,No,No,32,Fiber optic,Two year,20.0,596.83,Electronic check,No,No,Yes,No
CUST101796,Female,0,No,No,11,Fiber optic,Month-to-month,39.12,384.49,Mailed check,No,No internet,No,No
CUST101797,Female,0,No,No,10,No,Two year,62.5,704.89,Bank transfer,No,No,No internet,No
CUST101798,Female,0,No,Yes,57,No,Two year,53.96,3043.42,Electronic check,Yes,Yes,Yes,No
CUST101799,Female,0,Yes,Yes,25,Fiber optic,Two year,68.3,1610.01,Credit card,No,No,No,No
CUST101800,Male,0,No,No,2,Fiber optic,Two year,99.82,192.93,Electronic check,Yes,Yes,No internet,No
CUST101801,Male,0,No,No,64,Fiber optic,Two year,77.96,4904.73,Credit card,Yes,Yes,Yes,No
CUST101802,Female,0,No,No,35,DSL,One year,51.02,1698.73,Credit card,Yes,No,Yes,Yes
CUST101803,Female,0,Yes,No,7,Fiber optic,Month-to-month,105.86,857.44,Mailed check,Yes,Yes,No internet,Yes
CUST101804,Male,0,No,Yes,18,Fiber optic,Month-to-month,36.28,638.39,Electronic check,No,Yes,Yes,Yes
CUST101805,Female,0,No,No,67,Fiber optic,One year,77.55,5093.66,Bank transfer,Yes,No internet,Yes,No
CUST101806,Male,0,No,Yes,42,Fiber optic,Two year,33.5,1398.76,Bank transfer,No,No,No,No
CUST101807,Female,0,No,Yes,39,No,One year,78.31,3059.2,Credit card,No,Yes,Yes,No
CUST101808,Female,1,No,No,41,Fiber optic,Two year,64.03,2608.66,Bank transfer,No,Yes,No internet,No
CUST101809,Female,0,Yes,Yes,24,Fiber optic,Two year,99.06,2338.36,Mailed check,No,Yes,Yes,No
CUST101810,Female,1,Yes,No,60,Fiber optic,Month-to-month,90.02,5290.22,Credit card,No,Yes,Yes,No
CUST101811,Female,0,Yes,No,46,DSL,Month-to-month,57.32,2603.47,Credit card,Yes,No,No,No
CUST101812,Male,0,Yes,No,19,DSL,Month-to-month,52.53,934.55,Bank transfer,Yes,Yes,No,No
CUST101813,Female,0,Yes,No,68,Fiber optic,Month-to-month,64.12,4350.4,Credit card,Yes,No,No internet,No
CUST101814,Female,0,Yes,No,42,Fiber optic,One year,118.89,5027.19,Bank transfer,Yes,Yes,No,Yes
CUST101815,Male,0,No,No,32,DSL,Two year,112.48,3739.47,Bank transfer,Yes,No internet,No internet,No
CUST101816,Female,0,No,No,39,Fiber optic,One year,47.79,1925.8,Bank transfer,No,No,No,Yes
CUST101817,Male,0,No,No,36,DSL,Month-to-month,92.01,3095.18,Bank transfer,Yes,No internet,No,Yes
CUST101818,Male,0,No,Yes,36,Fiber optic,Month-to-month,28.71,1051.35,Electronic check,Yes,No,No,No
CUST101819,Male,0,No,No,3,Fiber optic,Month-to-month,60.82,303.72,Bank transfer,Yes,No,No internet,No
CUST101820,Female,0,Yes,Yes,8,DSL,Month-to-month,48.81,379.08,Bank transfer,Yes,No internet,No,Yes
CUST101821,Male,0,No,No,70,DSL,Month-to-month,98.73,7035.55,Electronic check,No,No,Yes,Yes
CUST101822,Female,0,Yes,Yes,41,DSL,Month-to-month,39.73,1540.56,Mailed check,Yes,Yes,Yes,No
CUST101823,Female,1,Yes,No,68,Fiber optic,Month-to-month,82.73,5555.44,Bank transfer,No,Yes,No internet,Yes
CUST101824,Female,1,No,No,13,Fiber optic,Month-to-month,,922.74,Bank transfer,Yes,Yes,No,Yes
CUST101825,Male,1,No,No,49,Fiber optic,Two year,67.61,3301.19,Electronic check,Yes,Yes,Yes,Yes
CUST101826,Male,0,No,No,60,DSL,Month-to-month,113.79,6894.34,Credit card,Yes,No,No,No
CUST101827,Female,0,No,No,2,DSL,Month-to-month,115.99,232.14,Credit card,No,No,No internet,Yes
CUST101828,Female,0,No,Yes,60,Fiber optic,Month-to-month,68.39,4094.68,Mailed check,Yes,No,Yes,No
CUST101829,Male,1,Yes,Yes,5,DSL,Month-to-month,63.35,514.85,Electronic check,Yes,Yes,Yes,No
CUST101830,Female,1,No,No,44,DSL,One year,34.33,1448.31,Credit card,Yes,Yes,No,Yes
CUST101831,Male,0,Yes,No,27,Fiber optic,One year,71.89,2044.12,Credit card,Yes,Yes,Yes,No
CUST101832,Female,0,Yes,No,32,DSL,Month-to-month,120.83,3899.81,Electronic check,Yes,No,No,Yes
CUST101833,Male,1,No,Yes,21,Fiber optic,One year,68.78,1415.06,Electronic check,No,No,Yes,No
CUST101834,Male,0,Yes,No,8,Fiber optic,Month-to-month,90.22,742.47,Mailed check,No,Yes,No,No
CUST101835,Male,0,No,No,72,No,One year,37.06,2602.92,Bank transfer,Yes,No,Yes,No
CUST101836,Male,1,Yes,No,50,Fiber optic,Month-to-month,61.13,3063.4,Electronic check,Yes,No,Yes,No
CUST101837,Female,1,No,No,67,Fiber optic,Month-to-month,83.56,5598.2,Mailed check,Yes,No internet,Yes,Yes
CUST101838,Male,1,Yes,No,44,DSL,One year,74.65,3322.71,Mailed check,No,Yes,Yes,No
CUST101839,Female,0,No,No,58,No,Two year,92.62,5362.62,Credit card,No,No,Yes,No
CUST101840,Male,0,Yes,No,3,No,One year,56.93,304.08,Mailed check,No,Yes,Yes,No
CUST101841,Male,0,No,No,70,DSL,Month-to-month,28.25,1906.91,Mailed check,Yes,Yes,No,No
CUST101842,Female,0,No,Yes,2,Fiber optic,Month-to-month,100.05,145.01,Credit card,No,No,Yes,No
CUST101843,Male,0,No,Yes,44,No,Two year,48.6,2157.54,Electronic check,No,No,Yes,No
CUST101844,Female,1,Yes,No,2,DSL,Month-to-month,84.67,104.89,Electronic check,No,Yes,No,Yes
CUST101845,Female,1,Yes,No,35,Fiber optic,Month-to-month,83.27,2968.29,Credit card,Yes,Yes,No internet,No
CUST101846,Male,0,Yes,No,30,DSL,Month-to-month,30.41,1017.45,Electronic check,No,No,No,No
CUST101847,Female,0,Yes,No,8,Fiber optic,Month-to-month,98.23,744.27,Credit card,No,No,No,No
CUST101848,Female,0,Yes,No,22,Fiber optic,Month-to-month,57.84,1279.53,Electronic check,Yes,No,No internet,No
CUST101849,Male,0,No,No,44,DSL,Month-to-month,73.38,3281.1,Electronic check,Yes,No,Yes,Yes
CUST101850,Female,0,No,No,58,DSL,Month-to-month,63.05,3727.57,Credit card,Yes,No,No,No
CUST101851,Female,0,Yes,No,36,Fiber optic,Two year,112.56,4330.39,Bank transfer,No,No,No,Yes
CUST101852,Male,0,Yes,No,69,Fiber optic,Month-to-month,105.59,7177.1,Bank transfer,No,No,Yes,No
CUST101853,Female,1,No,No,31,DSL,Month-to-month,26.69,946.92,Electronic check,Yes,No,No,No
CUST101854,Male,0,Yes,Yes,47,Fiber optic,One year,128.47,5986.69,Electronic check,No,No,No,No
CUST101855,Female,0,Yes,Yes,55,Fiber optic,One year,55.04,2979.19,Credit card,Yes,Yes,No,Yes
CUST101856,Male,0,Yes,Yes,62,DSL,Month-to-month,124.56,7734.16,Mailed check,No,Yes,No,Yes
CUST101857,Female,0,Yes,Yes,30,No,Two year,65.59,1972.67,Mailed check,Yes,No internet,Yes,No
CUST101858,Female,1,No,No,55,DSL,Month-to-month,63.48,3591.47,Electronic check,Yes,Yes,Yes,Yes
CUST101859,Male,0,Yes,Yes,16,DSL,Two year,65.82,935.48,Mailed check,Yes,No,Yes,No
CUST101860,Female,1,No,No,12,DSL,Month-to-month,61.98,505.68,Credit card,No,No,Yes,Yes
CUST101861,Male,0,No,No,17,DSL,Month-to-month,135.11,2451.58,Credit card,Yes,No,No,Yes
CUST101862,Female,0,No,No,16,Fiber optic,Two year,70.09,1006.24,Bank transfer,No,No,Yes,No
CUST101863,Male,0,Yes,No,12,No,One year,64.44,853.68,Bank transfer,Yes,Yes,No internet,No
CUST101864,Male,1,Yes,Yes,8,Fiber optic,Month-to-month,73.93,703.02,Mailed check,Yes,No,Yes,No
CUST101865,Female,0,Yes,Yes,3,Fiber optic,Month-to-month,47.82,234.23,Mailed check,Yes,Yes,Yes,Yes
CUST101866,Male,0,Yes,No,16,Fiber optic,Month-to-month,111.93,1831.79,Bank transfer,Yes,No internet,No internet,Yes
CUST101867,Male,0,Yes,No,30,DSL,One year,35.22,1116.27,Electronic check,Yes,No,No,No
CUST101868,Female,0,No,Yes,23,Fiber optic,Month-to-month,56.65,1261.14,Electronic check,No,No,No,Yes
CUST101869,Female,0,Yes,No,5,Fiber optic,Month-to-month,95.42,323.95,Credit card,Yes,No,No,Yes
CUST101870,Male,1,No,No,65,DSL,Month-to-month,73.06,4721.1,Electronic check,Yes,Yes,Yes,Yes
CUST101871,Male,1,Yes,No,30,No,One year,85.73,2528.41,Electronic check,Yes,Yes,No,Yes
CUST101872,Male,0,No,Yes,21,DSL,Two year,110.33,2241.36,Bank transfer,Yes,Yes,No,No
CUST101873,Female,0,No,No,70,Fiber optic,One year,97.1,6800.96,Bank transfer,Yes,No,Yes,No
CUST101874,Male,0,No,Yes,22,Fiber optic,Month-to-month,75.44,1503.73,Mailed check,No,No,Yes,No
CUST101875,Male,0,Yes,Yes,72,DSL,Two year,124.23,9044.92,Mailed check,Yes,No,No,No
CUST101876,Male,0,No,No,32,Fiber optic,One year,56.29,1795.71,Credit card,No,No,Yes,No
CUST101877,Female,0,No,No,33,DSL,Two year,69.49,2253.64,Bank transfer,No,No internet,No,No
CUST101878,Male,0,Yes,No,16,Fiber optic,Month-to-month,71.24,1115.08,Credit card,Yes,Yes,No,Yes
CUST101879,Male,0,No,No,38,No,Month-to-month,69.44,2626.2,Electronic check,Yes,No,Yes,No
CUST101880,Female,0,Yes,No,14,Fiber optic,One year,45.27,550.88,Electronic check,Yes,Yes,Yes,No
CUST101881,Male,0,Yes,No,36,Fiber optic,Month-to-month,32.41,1083.56,Mailed check,Yes,No,No,No
CUST101882,Female,0,Yes,No,23,No,Month-to-month,82.43,1791.28,Electronic check,No,Yes,No,No
CUST101883,Male,0,No,No,66,Fiber optic,Two year,56.16,3593.02,Electronic check,No,No,Yes,No
CUST101884,Female,0,No,No,2,Fiber optic,Two year,119.7,170.91,Electronic check,No,Yes,No,Yes
CUST101885,Female,0,No,No,65,DSL,Two year,70.19,4550.56,Mailed check,Yes,Yes,No,No
CUST101886,Male,0,No,No,67,Fiber optic,One year,65.71,4490.66,Bank transfer,Yes,No,Yes,No
CUST101887,Male,0,No,Yes,52,Fiber optic,Month-to-month,99.36,5040.61,Credit card,No,Yes,No,Yes
CUST101888,Female,0,Yes,No,62,Fiber optic,Month-to-month,82.05,5160.33,Electronic check,Yes,No,No,Yes
CUST101889,Female,0,Yes,No,23,Fiber optic,Month-to-month,67.61,1426.35,Mailed check,Yes,No,Yes,No
CUST101890,Male,0,No,No,26,Fiber optic,Month-to-month,55.98,1463.2,Electronic check,No,No,No,No
CUST101891,Male,0,No,Yes,68,DSL,Month-to-month,160.0,10758.63,Mailed check,No,No,No,No
CUST101892,Female,0,Yes,No,55,DSL,Month-to-month,81.04,4356.03,Mailed check,Yes,No,Yes,No
CUST101893,Male,0,No,Yes,6,Fiber optic,One year,99.11,619.96,Mailed check,Yes,Yes,Yes,No
CUST101894,Male,1,Yes,Yes,35,Fiber optic,One year,46.43,1649.44,Credit card,No,Yes,No,No
CUST101895,Male,1,No,No,22,No,Two year,57.55,1326.02,Credit card,Yes,No,Yes,No
CUST101896,Male,1,Yes,No,43,No,One year,124.81,5292.3,Bank transfer,No,No,No internet,No
CUST101897,Female,0,Yes,No,15,Fiber optic,One year,106.92,1683.53,Credit card,Yes,No internet,No,No
CUST101898,Male,0,Yes,No,60,DSL,One year,83.44,5131.47,Bank transfer,Yes,No,No internet,No
CUST101899,Male,0,No,No,12,DSL,Two year,62.46,768.17,Credit card,Yes,No,No,No
CUST101900,Female,0,No,No,49,Fiber optic,One year,66.15,3098.41,Bank transfer,No,No internet,Yes,No
CUST101901,Female,0,No,Yes,42,Fiber optic,Two year,55.1,2159.87,Mailed check,Yes,No,No,No
CUST101902,Male,0,Yes,No,38,Fiber optic,Two year,43.08,1649.28,Bank transfer,No,No,No,No
CUST101903,Male,0,Yes,No,45,DSL,Two year,95.1,4233.72,Electronic check,No,No,No,No
CUST101904,Female,0,Yes,No,35,DSL,Month-to-month,85.47,2911.8,Bank transfer,Yes,No,No internet,Yes
CUST101905,Male,0,No,No,30,DSL,Month-to-month,90.4,2698.63,Credit card,Yes,No,No,No
CUST101906,Female,0,No,Yes,30,Fiber optic,Month-to-month,63.58,1878.76,Bank transfer,Yes,Yes,Yes,No
CUST101907,Male,0,No,No,6,DSL,Month-to-month,78.39,457.51,Electronic check,Yes,No,No,No
CUST101908,Male,1,Yes,Yes,67,DSL,Month-to-month,61.2,4029.97,Mailed check,Yes,Yes,Yes,No
CUST101909,Male,0,No,No,7,No,Month-to-month,53.82,535.1,Credit card,Yes,Yes,Yes,No
CUST101910,Male,0,No,Yes,52,Fiber optic,Month-to-month,113.68,5824.37,Credit card,Yes,No,Yes,No
CUST101911,Male,0,Yes,No,14,DSL,Month-to-month,75.04,1029.02,Mailed check,Yes,Yes,Yes,Yes
CUST101912,Male,0,Yes,Yes,15,Fiber optic,One year,84.69,1107.01,Credit card,No,No,No internet,No
CUST101913,Female,0,Yes,Yes,21,DSL,Month-to-month,92.89,1858.17,Credit card,No,No internet,Yes,No
CUST101914,Male,0,Yes,Yes,35,DSL,One year,75.35,2533.14,Electronic check,Yes,No internet,No,No
CUST101915,Male,0,Yes,No,66,Fiber optic,One year,78.02,5106.27,Credit card,No,No,No,No
CUST101916,Male,1,No,No,2,DSL,One year,44.83,69.75,Electronic check,Yes,No,No,Yes
CUST101917,Male,0,No,No,35,Fiber optic,Two year,49.6,1702.25,Bank transfer,Yes,No,No,Yes
CUST101918,Female,0,Yes,Yes,20,DSL,Month-to-month,48.3,922.24,Mailed check,Yes,No,No,No
CUST101919,Female,0,No,No,10,Fiber optic,Month-to-month,87.14,888.54,Bank transfer,Yes,Yes,No,Yes
CUST101920,Male,0,No,Yes,25,DSL,Month-to-month,73.77,1867.53,Bank transfer,Yes,Yes,No,No
CUST101921,Male,0,No,No,66,No,Month-to-month,49.6,3083.07,Mailed check,Yes,No,Yes,No
CUST101922,Female,0,No,No,25,Fiber optic,One year,86.5,2247.11,Credit card,No,Yes,No,No
CUST101923,Male,0,No,No,54,DSL,Month-to-month,85.59,4642.76,Credit card,Yes,Yes,No internet,No
CUST101924,Male,0,No,No,33,Fiber optic,Month-to-month,54.63,1646.05,Credit card,No,No,No internet,Yes
CUST101925,Female,0,No,No,36,Fiber optic,Month-to-month,71.3,2638.69,Mailed check,No,Yes,Yes,No
CUST101926,Female,0,No,No,14,DSL,Month-to-month,85.68,1281.1,Electronic check,Yes,Yes,No,Yes
CUST101927,Male,0,Yes,No,65,DSL,One year,50.54,3126.02,Mailed check,Yes,Yes,Yes,No
CUST101928,Male,0,Yes,Yes,54,No,One year,86.16,4627.66,Credit card,Yes,No,No,No
CUST101929,Female,0,Yes,No,52,No,Month-to-month,79.53,4156.66,Electronic check,Yes,No,No,Yes
CUST101930,Female,0,Yes,Yes,3,DSL,Month-to-month,47.02,226.64,Credit card,Yes,No,Yes,No
CUST101931,Male,0,No,No,41,DSL,Month-to-month,77.49,3216.4,Credit card,Yes,Yes,No,Yes
CUST101932,Male,0,Yes,Yes,6,DSL,Month-to-month,81.14,441.79,Bank transfer,Yes,No,Yes,Yes
CUST101933,Female,0,No,No,25,DSL,Two year,56.35,1322.15,Bank transfer,Yes,No,No internet,No
CUST101934,Male,0,Yes,No,13,Fiber optic,Month-to-month,58.32,639.87,Bank transfer,Yes,No,No internet,Yes
CUST101935,Female,0,No,No,8,Fiber optic,One year,46.79,300.06,Bank transfer,Yes,No,Yes,No
CUST101936,Female,0,Yes,No,21,DSL,Two year,60.78,1319.4,Mailed check,No,No,No,No
CUST101937,Female,0,No,No,68,DSL,Month-to-month,71.7,4949.28,Credit card,Yes,No,Yes,No
CUST101938,Male,1,No,Yes,25,DSL,Month-to-month,58.39,1429.57,Bank transfer,Yes,No,Yes,No
CUST101939,Female,0,Yes,Yes,68,Fiber optic,Two year,34.88,2459.55,Credit card,No,Yes,No internet,No
CUST101940,Female,0,Yes,No,45,No,Two year,54.79,2498.18,Credit card,Yes,No,Yes,No
CUST101941,Male,0,No,Yes,60,Fiber optic,Month-to-month,61.57,3896.45,Electronic check,Yes,No,No,Yes
CUST101942,Female,0,Yes,No,12,DSL,One year,92.42,962.44,Electronic check,Yes,No,No internet,No
CUST101943,Female,0,No,No,32,Fiber optic,Two year,86.87,2762.35,Credit card,No,No,Yes,No
CUST101944,Male,0,Yes,No,13,Fiber optic,Month-to-month,92.91,1224.81,Electronic check,No,No internet,No,No
CUST101945,Female,0,No,Yes,31,DSL,Two year,53.52,1806.93,Bank transfer,Yes,No,No,No
CUST101946,Male,0,Yes,No,20,No,Month-to-month,75.54,1394.42,Mailed check,No,No,No,Yes
CUST101947,Male,0,No,Yes,18,Fiber optic,Month-to-month,20.0,282.72,Electronic check,Yes,No,No,Yes
CUST101948,Female,0,Yes,No,60,Fiber optic,Two year,82.72,4967.6,Electronic check,Yes,Yes,No,No
CUST101949,Female,0,No,Yes,63,Fiber optic,Two year,87.27,5400.15,Credit card,No,No,No,No
CUST101950,Female,1,No,Yes,6,Fiber optic,Month-to-month,63.21,359.38,Bank transfer,No,No,No internet,No
CUST101951,Female,0,No,Yes,32,Fiber optic,Month-to-month,79.39,2409.64,Mailed check,Yes,Yes,No internet,Yes
CUST101952,Female,1,No,No,43,DSL,One year,34.13,1563.21,Credit card,No,Yes,No,No
CUST101953,Male,0,No,No,2,No,One year,51.97,238.27,Electronic check,Yes,Yes,No,No
CUST101954,Male,0,Yes,No,60,Fiber optic,One year,91.14,5605.62,Electronic check,No,Yes,No,No
CUST101955,Female,0,No,No,23,DSL,Two year,84.78,1962.2,Bank transfer,Yes,Yes,No,No
CUST101956,Female,0,Yes,Yes,31,Fiber optic,Two year,61.7,1926.72,Credit card,No,Yes,No,Yes
CUST101957,Male,0,No,No,5,Fiber optic,Month-to-month,92.28,460.42,Mailed check,No,No,Yes,Yes
CUST101958,Female,0,No,No,34,Fiber optic,Month-to-month,75.46,2634.52,Credit card,Yes,Yes,No,No
CUST101959,Female,1,Yes,No,10,DSL,Month-to-month,59.39,694.81,Credit card,No,No,No,Yes
CUST101960,Female,0,Yes,No,2,Fiber optic,One year,67.43,191.93,Electronic check,Yes,No,No,No
CUST101961,Male,0,No,Yes,11,Fiber optic,One year,60.61,686.12,Electronic check,Yes,Yes,No,Yes
CUST101962,Male,0,No,No,50,Fiber optic,Month-to-month,42.41,2176.93,Credit card,Yes,No,No,No
CUST101963,Male,0,No,Yes,31,Fiber optic,Month-to-month,103.42,3205.18,Electronic check,Yes,No,Yes,Yes
CUST101964,Male,1,Yes,No,56,Fiber optic,Month-to-month,57.8,3129.49,Electronic check,Yes,Yes,Yes,No
CUST101965,Female,1,Yes,No,9,No,Month-to-month,51.19,413.39,Credit card,No,Yes,No,Yes
CUST101966,Female,0,Yes,No,21,DSL,Month-to-month,33.77,726.21,Mailed check,Yes,Yes,Yes,No
CUST101967,Female,0,No,No,28,No,Month-to-month,20.0,490.37,Mailed check,Yes,Yes,No internet,No
CUST101968,Male,0,Yes,No,62,Fiber optic,Month-to-month,89.54,5476.3,Electronic check,No,Yes,Yes,Yes
CUST101969,Female,0,Yes,Yes,7,Fiber optic,Month-to-month,91.84,692.33,Bank transfer,No,Yes,No,Yes
CUST101970,Male,0,Yes,No,16,Fiber optic,One year,101.83,1683.72,Bank transfer,No,Yes,Yes,No
CUST101971,Female,1,No,No,4,Fiber optic,Month-to-month,68.27,296.73,Electronic check,No,No,Yes,Yes
CUST101972,Male,0,Yes,Yes,4,DSL,Two year,63.95,215.98,Mailed check,Yes,Yes,Yes,No
CUST101973,Female,0,Yes,No,40,Fiber optic,One year,59.31,2345.39,Bank transfer,No,No,No,No
CUST101974,Female,1,Yes,Yes,17,Fiber optic,One year,61.59,1103.03,Credit card,Yes,Yes,No,Yes
CUST101975,Female,1,No,No,52,DSL,One year,99.99,5127.35,Credit card,No,No,Yes,No
CUST101976,Female,0,Yes,No,52,Fiber optic,Month-to-month,71.34,3593.29,Electronic check,No,Yes,No,Yes
CUST101977,Female,0,Yes,No,36,No,Month-to-month,81.45,2972.78,Bank transfer,Yes,No,No,No
CUST101978,Female,1,Yes,No,38,Fiber optic,Two year,60.95,2306.55,Credit card,No,Yes,No,No
CUST101979,Female,1,Yes,No,50,DSL,One year,105.02,5355.58,Credit card,No,No,Yes,No
CUST101980,Female,1,Yes,No,63,Fiber optic,Two year,24.38,1450.72,Bank transfer,No,Yes,No internet,No
CUST101981,Female,0,Yes,Yes,63,No,One year,41.49,2699.84,Electronic check,Yes,No,Yes,No
CUST101982,Male,0,No,No,62,Fiber optic,Month-to-month,81.49,5005.68,Bank transfer,No,Yes,No internet,Yes
CUST101983,Male,0,No,No,7,DSL,Month-to-month,115.77,872.96,Electronic check,No,No,Yes,Yes
CUST101984,Male,0,Yes,No,27,Fiber optic,One year,66.37,1688.92,Electronic check,Yes,Yes,No,No
CUST101985,Male,0,No,No,14,DSL,Month-to-month,50.94,584.75,Bank transfer,No,No,No,No
CUST101986,Male,0,Yes,No,71,Fiber optic,Month-to-month,97.02,6916.49,Credit card,No,Yes,No,No
CUST101987,Male,1,Yes,No,5,Fiber optic,Two year,80.09,378.44,Electronic check,No,Yes,No,No
CUST101988,Female,1,Yes,Yes,55,No,Month-to-month,104.26,5747.05,Bank transfer,Yes,No,Yes,No
CUST101989,Female,0,Yes,No,2,No,Month-to-month,39.74,39.74,Electronic check,No,No internet,No,No
CUST101990,Male,0,No,No,62,Fiber optic,Two year,102.29,6368.23,Credit card,No,No,Yes,No
CUST101991,Male,0,No,No,21,DSL,Two year,33.29,801.0,Bank transfer,No,No,No,No
CUST101992,Female,1,No,No,21,Fiber optic,Month-to-month,64.8,1448.53,Electronic check,Yes,No,No internet,Yes
CUST101993,Female,0,Yes,No,10,DSL,Two year,82.32,769.22,Electronic check,Yes,No,No,No
CUST101994,Female,0,Yes,No,58,DSL,Two year,76.65,4345.2,Mailed check,Yes,Yes,No,No
CUST101995,Female,0,No,No,39,DSL,Month-to-month,98.51,3841.64,Electronic check,No,Yes,Yes,No
CUST101996,Male,1,No,No,5,No,Month-to-month,26.33,199.45,Electronic check,Yes,No internet,No,No
CUST101997,Male,0,No,Yes,65,DSL,Month-to-month,75.53,4774.4,Bank transfer,Yes,No,Yes,No
CUST101998,Female,0,Yes,No,13,Fiber optic,Month-to-month,101.99,1374.62,Mailed check,No,No,Yes,Yes
CUST101999,Male,1,Yes,Yes,53,DSL,Month-to-month,73.48,4055.26,Bank transfer,Yes,No,Yes,No
CUST102000,Male,0,Yes,No,45,Fiber optic,Two year,43.44,2005.97,Electronic check,No,No,No internet,No
CUST102001,Female,0,Yes,Yes,32,DSL,One year,97.19,2985.64,Bank transfer,Yes,No,No internet,No
CUST102002,Female,0,Yes,Yes,36,DSL,One year,55.79,1917.82,Mailed check,No,No,No internet,No
CUST102003,Female,0,No,Yes,60,Fiber optic,Two year,51.39,3028.2,Electronic check,Yes,Yes,No internet,No
CUST102004,Female,0,No,No,11,DSL,Two year,48.25,519.15,Bank transfer,Yes,No,No,No
CUST102005,Male,0,Yes,No,63,DSL,Month-to-month,67.03,4250.81,Electronic check,Yes,No,Yes,No
CUST102006,Female,0,Yes,No,21,DSL,Month-to-month,76.58,1665.82,Credit card,No,No internet,No,No
CUST102007,Female,1,No,No,52,Fiber optic,One year,40.27,2070.16,Bank transfer,Yes,No,No,Yes
CUST102008,Male,0,No,No,55,Fiber optic,Month-to-month,45.41,2518.03,Bank transfer,Yes,No,No,Yes
CUST102009,Female,0,Yes,No,26,DSL,Month-to-month,54.64,1334.13,Electronic check,No,Yes,No,Yes
CUST102010,Female,0,No,No,68,Fiber optic,One year,48.13,3216.36,Electronic check,Yes,Yes,No,No
CUST102011,Male,0,Yes,No,34,Fiber optic,Two year,72.92,2550.08,Mailed check,No,No internet,No,No
CUST102012,Female,0,Yes,No,52,DSL,Month-to-month,81.03,4249.73,Bank transfer,No,No,Yes,No
CUST102013,Female,1,No,No,52,Fiber optic,One year,77.6,4081.36,Electronic check,Yes,Yes,No,No
CUST102014,Male,1,Yes,No,29,DSL,Month-to-month,77.63,2168.13,Electronic check,No,No,Yes,No
CUST102015,Female,0,No,No,38,DSL,One year,113.77,4320.23,Mailed check,Yes,Yes,Yes,No
CUST102016,Female,0,No,Yes,42,DSL,Month-to-month,82.59,3475.61,Mailed check,Yes,No,No internet,Yes
CUST102017,Male,0,No,No,21,Fiber optic,Two year,91.6,1949.44,Electronic check,Yes,Yes,No,No
CUST102018,Male,0,Yes,Yes,42,Fiber optic,Month-to-month,61.63,2669.84,Mailed check,No,No,No,No
CUST102019,Female,0,Yes,No,13,Fiber optic,One year,95.6,1246.41,Electronic check,Yes,No,No,Yes
CUST102020,Female,1,No,Yes,64,DSL,Month-to-month,60.44,3995.39,Mailed check,Yes,Yes,Yes,No
CUST102021,Female,1,Yes,No,17,Fiber optic,Month-to-month,82.29,1241.71,Mailed check,No,No internet,No,No
CUST102022,Female,0,No,Yes,9,No,Month-to-month,37.72,314.82,Bank transfer,Yes,No internet,Yes,Yes
CUST102023,Male,0,Yes,No,41,DSL,Month-to-month,76.16,3205.15,Electronic check,No,Yes,No internet,No
CUST102024,Male,0,No,Yes,1,No,Month-to-month,47.62,47.62,Electronic check,Yes,No,No,No
CUST102025,Male,0,Yes,No,2,Fiber optic,Month-to-month,,257.5,Mailed check,Yes,No,No internet,Yes
CUST102026,Female,0,No,No,60,Fiber optic,One year,93.9,5641.83,Mailed check,No,No,No internet,No
CUST102027,Male,0,No,No,48,No,One year,60.33,3047.7,Mailed check,Yes,No internet,No,No
CUST102028,Female,0,No,No,29,Fiber optic,Month-to-month,123.24,3561.87,Credit card,No,No,No internet,Yes
CUST102029,Female,1,No,No,10,Fiber optic,One year,64.85,637.37,Credit card,No,No,No,No
CUST102030,Male,0,Yes,Yes,58,Fiber optic,Month-to-month,31.7,1982.7,Electronic check,Yes,No,Yes,No
CUST102031,Male,0,No,No,60,No,Month-to-month,52.52,3122.28,Credit card,Yes,No,No,Yes
CUST102032,Male,0,No,No,21,DSL,Month-to-month,45.9,1048.4,Mailed check,Yes,No,No internet,Yes
CUST102033,Female,0,No,No,28,DSL,One year,81.49,2306.33,Electronic check,No,Yes,Yes,Yes
CUST102034,Male,0,Yes,No,34,DSL,Month-to-month,41.12,1485.05,Credit card,Yes,No,No internet,No
CUST102035,Female,0,Yes,No,8,Fiber optic,Two year,58.52,440.23,Credit card,Yes,No,No,No
CUST102036,Male,0,No,Yes,59,DSL,Month-to-month,79.86,4703.22,Credit card,Yes,No,Yes,No
CUST102037,Female,0,No,No,72,Fiber optic,Month-to-month,75.47,5404.44,Electronic check,Yes,No,No,No
CUST102038,Male,0,Yes,No,49,DSL,Month-to-month,71.68,3354.41,Electronic check,Yes,Yes,No,Yes
CUST102039,Female,0,No,No,17,Fiber optic,Two year,75.15,1256.34,Mailed check,No,Yes,No,No
CUST102040,Female,0,Yes,No,60,Fiber optic,One year,62.74,4020.56,Bank transfer,Yes,No,No,No
CUST102041,Male,0,Yes,No,45,DSL,One year,31.91,1377.36,Electronic check,Yes,No,No internet,No
CUST102042,Female,0,No,No,69,Fiber optic,Two year,62.08,4295.2,Credit card,Yes,No,No internet,No
CUST102043,Male,0,No,No,32,DSL,Two year,83.72,2774.33,Mailed check,No,No,Yes,No
CUST102044,Female,0,No,Yes,44,Fiber optic,One year,68.58,3059.24,Mailed check,Yes,No internet,No,No
CUST102045,Male,1,Yes,No,65,Fiber optic,Month-to-month,81.79,5310.14,Bank transfer,Yes,Yes,Yes,No
CUST102046,Male,0,Yes,Yes,8,Fiber optic,Two year,57.33,387.1,Bank transfer,Yes,No internet,No,Yes
CUST102047,Female,0,No,No,72,DSL,Month-to-month,96.86,7089.31,Electronic check,No,Yes,No internet,No
CUST102048,Male,0,No,No,43,Fiber optic,One year,20.0,948.69,Credit card,Yes,No,Yes,Yes
CUST102049,Female,0,Yes,No,1,DSL,One year,75.54,189.02,Mailed check,Yes,No,No,No
CUST102050,Female,1,No,No,51,Fiber optic,One year,105.72,5497.2,Electronic check,Yes,No,No internet,Yes
CUST102051,Male,0,No,No,24,Fiber optic,Month-to-month,109.44,2512.36,Credit card,Yes,Yes,No,No
CUST102052,Male,0,No,No,24,Fiber optic,One year,66.2,1560.66,Credit card,No,Yes,Yes,Yes
CUST102053,Female,0,Yes,Yes,17,No,Two year,38.85,685.33,Credit card,No,No,No,No
CUST102054,Female,0,No,No,5,DSL,Month-to-month,106.16,454.71,Credit card,Yes,No,No internet,Yes
CUST102055,Female,0,No,Yes,20,Fiber optic,Month-to-month,70.7,1363.59,Bank transfer,Yes,No internet,No,No
CUST102056,Female,0,Yes,No,21,DSL,One year,68.03,1479.88,Credit card,Yes,Yes,No,No
CUST102057,Female,0,No,No,58,DSL,Two year,,2929.39,Electronic check,Yes,No internet,No,No
CUST102058,Male,1,No,No,31,Fiber optic,Month-to-month,40.75,1404.12,Bank transfer,No,Yes,No,Yes
CUST102059,Male,0,Yes,No,11,DSL,Month-to-month,86.1,889.4,Bank transfer,Yes,Yes,No,Yes
CUST102060,Female,0,No,No,52,Fiber optic,Month-to-month,88.75,4540.6,Electronic check,Yes,Yes,Yes,Yes
CUST102061,Female,1,Yes,No,15,DSL,Month-to-month,77.04,1323.45,Bank transfer,Yes,No internet,No,Yes
CUST102062,Female,0,No,No,7,DSL,Two year,52.9,350.64,Mailed check,No,No,No internet,No
CUST102063,Male,1,Yes,No,28,Fiber optic,One year,45.38,1118.63,Bank transfer,No,Yes,No internet,No
CUST102064,Male,1,Yes,No,51,Fiber optic,One year,36.19,1877.66,Electronic check,Yes,Yes,No,No
CUST102065,Male,0,Yes,No,58,No,Month-to-month,57.99,3277.42,Credit card,Yes,Yes,No,No
CUST102066,Female,0,Yes,Yes,5,DSL,One year,46.85,203.35,Electronic check,No,No,Yes,Yes
CUST102067,Male,0,No,No,5,DSL,Month-to-month,29.27,32.94,Mailed check,Yes,Yes,Yes,No
CUST102068,Male,1,No,Yes,8,Fiber optic,Month-to-month,88.28,795.16,Credit card,Yes,No,No internet,No
CUST102069,Male,0,No,No,64,Fiber optic,Month-to-month,39.02,2529.94,Bank transfer,No,No,Yes,No
CUST102070,Male,0,Yes,No,10,Fiber optic,Month-to-month,96.6,862.83,Mailed check,Yes,No internet,Yes,Yes
CUST102071,Female,1,Yes,No,38,Fiber optic,Month-to-month,81.85,3126.17,Electronic check,Yes,No,No,No
CUST102072,Female,1,No,No,8,DSL,Month-to-month,79.36,688.57,Bank transfer,No,Yes,No,No
CUST102073,Male,1,No,Yes,25,No,Month-to-month,113.63,2823.82,Credit card,Yes,No internet,No,Yes
CUST102074,Male,0,No,No,66,DSL,Month-to-month,39.85,2762.53,Credit card,No,No,No,Yes
CUST102075,Female,1,Yes,No,50,Fiber optic,One year,93.84,4775.32,Bank transfer,Yes,No,No,No
CUST102076,Female,0,No,No,67,DSL,Month-to-month,64.56,4286.98,Electronic check,No,No,Yes,Yes
CUST102077,Male,0,No,No,49,No,Two year,136.28,6659.58,Electronic check,Yes,Yes,No internet,No
CUST102078,Male,0,No,Yes,36,DSL,Month-to-month,62.48,2150.35,Electronic check,No,No,No internet,No
CUST102079,Male,0,No,Yes,68,DSL,One year,58.44,3838.19,Mailed check,Yes,Yes,No,No
CUST102080,Female,0,No,No,41,No,Two year,82.64,3318.61,Electronic check,Yes,Yes,No,No
CUST102081,Male,0,No,No,62,DSL,Two year,,4084.14,Electronic check,Yes,Yes,No,Yes
CUST102082,Female,0,No,Yes,10,Fiber optic,Two year,53.04,636.52,Bank transfer,No,Yes,No,No
CUST102083,Male,0,No,No,21,Fiber optic,Month-to-month,47.74,892.56,Electronic check,Yes,No,No,Yes
CUST102084,Male,0,No,Yes,36,No,Month-to-month,108.46,3912.35,Bank transfer,No,No,Yes,No
CUST102085,Female,1,No,No,12,DSL,Month-to-month,42.91,532.08,Credit card,Yes,No,No,No
CUST102086,Male,0,Yes,No,2,Fiber optic,Month-to-month,77.58,98.59,Bank transfer,No,No,No,No
CUST102087,Male,0,Yes,Yes,13,Fiber optic,Month-to-month,98.4,1360.76,Bank transfer,Yes,No,No internet,No
CUST102088,Male,0,Yes,No,53,DSL,Two year,99.61,5254.32,Bank transfer,Yes,No,Yes,No
CUST102089,Male,0,No,No,32,No,One year,56.96,1775.31,Electronic check,Yes,No internet,No,Yes
CUST102090,Male,0,Yes,No,16,Fiber optic,One year,66.85,1200.99,Electronic check,Yes,No,Yes,No
CUST102091,Female,0,No,No,32,DSL,Two year,62.0,1916.64,Electronic check,Yes,No,Yes,No
CUST102092,Male,0,No,No,32,No,One year,33.62,1138.12,Electronic check,No,Yes,No,No
CUST102093,Female,0,No,No,11,Fiber optic,One year,85.44,894.42,Bank transfer,Yes,No,No,No
CUST102094,Female,0,No,No,10,Fiber optic,One year,72.96,632.38,Credit card,No,No,No,No
CUST102095,Female,0,No,No,15,No,Month-to-month,108.01,1593.72,Credit card,Yes,No,No,Yes
CUST102096,Female,0,No,No,17,DSL,Month-to-month,51.42,1062.6,Electronic check,Yes,No,No internet,Yes
CUST102097,Male,0,No,Yes,40,DSL,Two year,99.22,3853.3,Credit card,No,Yes,No,No
CUST102098,Female,0,No,Yes,18,DSL,Two year,100.98,1761.61,Electronic check,Yes,Yes,No internet,No
CUST102099,Female,1,Yes,No,55,Fiber optic,Two year,73.18,4123.23,Credit card,No,No internet,Yes,No
CUST102100,Female,1,Yes,No,25,No,Month-to-month,20.0,424.81,Electronic check,Yes,No,No,Yes
CUST102101,Female,0,Yes,No,59,Fiber optic,Two year,59.19,3444.06,Electronic check,Yes,Yes,No,No
CUST102102,Female,1,No,Yes,22,Fiber optic,Month-to-month,116.65,2577.07,Mailed check,Yes,Yes,Yes,Yes
CUST102103,Female,0,No,No,30,Fiber optic,Month-to-month,79.43,2364.91,Credit card,Yes,No,Yes,No
CUST102104,Female,0,Yes,Yes,44,Fiber optic,Month-to-month,89.33,3971.23,Electronic check,Yes,No,No,Yes
CUST102105,Male,0,No,No,32,DSL,Month-to-month,69.77,2211.62,Electronic check,Yes,No,Yes,Yes
CUST102106,Male,1,Yes,No,51,DSL,Month-to-month,66.41,3387.37,Credit card,Yes,Yes,Yes,No
CUST102107,Male,0,No,No,46,No,Month-to-month,25.32,1154.26,Credit card,Yes,Yes,No,No
CUST102108,Female,0,No,No,21,Fiber optic,Month-to-month,91.87,1863.86,Electronic check,No,No,No,No
CUST102109,Male,0,No,No,32,DSL,Month-to-month,98.99,3019.67,Bank transfer,Yes,No,No,Yes
CUST102110,Female,0,Yes,No,39,DSL,One year,48.23,2034.72,Electronic check,No,Yes,No,Yes
CUST102111,Male,0,No,No,12,DSL,One year,67.53,744.08,Mailed check,Yes,Yes,No internet,No
CUST102112,Male,0,No,No,47,DSL,Month-to-month,64.16,2954.03,Mailed check,No,No,No internet,Yes
CUST102113,Male,0,Yes,No,18,Fiber optic,Month-to-month,82.5,1500.87,Mailed check,Yes,No,Yes,Yes
CUST102114,Male,0,No,No,21,Fiber optic,One year,58.39,1143.44,Mailed check,Yes,Yes,No internet,No
CUST102115,Female,1,Yes,Yes,13,Fiber optic,Month-to-month,95.28,1311.9,Bank transfer,Yes,No,Yes,No
CUST102116,Male,1,No,No,21,DSL,Month-to-month,73.78,1569.75,Mailed check,Yes,No internet,No,Yes
CUST102117,Female,0,Yes,Yes,8,No,One year,20.0,138.3,Bank transfer,No,No internet,No internet,No
CUST102118,Male,1,No,No,46,Fiber optic,Two year,83.07,3781.25,Bank transfer,Yes,No,No,No
CUST102119,Male,1,No,No,7,Fiber optic,Month-to-month,96.91,582.33,Mailed check,No,No,No,Yes
CUST102120,Female,0,Yes,No,23,Fiber optic,Month-to-month,43.2,1018.67,Electronic check,No,Yes,No internet,Yes
CUST102121,Female,1,No,Yes,22,DSL,Month-to-month,82.22,1819.74,Bank transfer,Yes,No,No internet,No
CUST102122,Female,0,Yes,No,22,Fiber optic,One year,117.75,2538.82,Credit card,Yes,No,No,No
CUST102123,Female,0,Yes,No,29,Fiber optic,Month-to-month,74.8,2211.13,Bank transfer,No,No,No internet,Yes
CUST102124,Female,0,No,Yes,13,Fiber optic,Month-to-month,100.54,1433.46,Bank transfer,Yes,No,Yes,Yes
CUST102125,Male,0,Yes,No,2,DSL,Month-to-month,60.95,123.08,Electronic check,No,No,No,Yes
CUST102126,Female,0,Yes,No,29,DSL,Two year,71.55,2055.17,Bank transfer,No,No internet,No,No
CUST102127,Female,0,Yes,No,52,DSL,One year,66.88,3400.91,Electronic check,No,Yes,No internet,Yes
CUST102128,Female,0,Yes,Yes,27,Fiber optic,One year,62.32,1669.91,Credit card,No,Yes,Yes,No
CUST102129,Female,1,No,No,50,Fiber optic,Two year,68.31,3381.95,Bank transfer,No,No,No internet,No
CUST102130,Female,0,Yes,Yes,23,Fiber optic,Month-to-month,31.23,634.57,Electronic check,No,Yes,No internet,No
CUST102131,Female,1,No,No,44,Fiber optic,Two year,63.73,2840.22,Mailed check,Yes,No,No internet,No
CUST102132,Male,0,Yes,Yes,22,Fiber optic,One year,105.45,2341.77,Credit card,Yes,Yes,Yes,No
CUST102133,Female,0,No,No,43,Fiber optic,Month-to-month,47.91,2066.24,Electronic check,No,No,No,No
CUST102134,Female,0,Yes,No,37,DSL,Two year,45.35,1648.97,Mailed check,No,No,No,No
CUST102135,Male,0,Yes,No,61,Fiber optic,Two year,73.53,4559.05,Bank transfer,Yes,Yes,Yes,No
CUST102136,Male,0,Yes,Yes,56,Fiber optic,Two year,74.78,4047.66,Bank transfer,Yes,Yes,No internet,No
CUST102137,Male,0,No,No,3,No,Month-to-month,81.44,108.07,Electronic check,Yes,Yes,Yes,No
CUST102138,Male,0,Yes,No,63,DSL,Two year,69.16,4375.12,Bank transfer,No,No,No,No
CUST102139,Male,0,No,No,19,DSL,Two year,73.8,1503.35,Credit card,Yes,No,Yes,No
CUST102140,Male,1,No,No,23,DSL,Month-to-month,63.23,1463.93,Credit card,No,No,Yes,No
CUST102141,Female,0,No,Yes,29,Fiber optic,Month-to-month,40.11,1173.36,Bank transfer,No,No,No,No
CUST102142,Male,0,No,No,30,DSL,Month-to-month,70.22,2022.82,Credit card,Yes,No,No internet,No
CUST102143,Female,0,No,No,39,DSL,Two year,90.11,3342.73,Bank transfer,No,Yes,No internet,No
CUST102144,Male,0,No,No,25,Fiber optic,One year,84.88,2044.03,Mailed check,No,No,No,No
CUST102145,Male,0,No,Yes,8,Fiber optic,Month-to-month,28.39,278.66,Bank transfer,No,Yes,No,No
CUST102146,Male,0,No,Yes,58,DSL,Month-to-month,78.3,4415.6,Electronic check,Yes,No,Yes,No
CUST102147,Female,0,No,Yes,16,Fiber optic,Month-to-month,49.68,726.73,Mailed check,Yes,No,No,No
CUST102148,Male,0,No,No,72,Fiber optic,One year,106.8,7564.31,Mailed check,No,No,No internet,No
CUST102149,Male,0,No,Yes,1,Fiber optic,Month-to-month,80.16,80.16,Credit card,Yes,No,Yes,No
CUST102150,Male,0,Yes,No,5,Fiber optic,Two year,94.41,563.25,Bank transfer,Yes,No internet,Yes,No
CUST102151,Male,0,No,No,3,Fiber optic,One year,72.53,169.12,Bank transfer,No,No internet,No internet,No
CUST102152,Male,0,Yes,Yes,65,Fiber optic,One year,70.35,4645.9,Mailed check,No,No,No,No
CUST102153,Male,0,No,No,4,Fiber optic,Month-to-month,109.4,391.12,Electronic check,Yes,Yes,Yes,Yes
CUST102154,Female,0,No,Yes,64,Fiber optic,Month-to-month,96.32,6279.78,Mailed check,Yes,No internet,No,No
CUST102155,Male,0,No,No,10,DSL,Month-to-month,74.95,777.42,Bank transfer,No,Yes,Yes,Yes
CUST102156,Male,0,Yes,No,21,Fiber optic,Month-to-month,67.01,1370.35,Electronic check,No,No,No internet,Yes
CUST102157,Male,0,No,No,46,No,Month-to-month,29.32,1335.77,Mailed check,Yes,No,No,No
CUST102158,Male,0,Yes,No,27,DSL,Two year,80.11,2047.65,Mailed check,Yes,No internet,No,No
CUST102159,Male,1,No,No,66,DSL,Month-to-month,68.85,4503.22,Bank transfer,No,No internet,No,No
CUST102160,Female,0,Yes,No,41,DSL,Month-to-month,85.85,3633.5,Credit card,Yes,Yes,Yes,Yes
CUST102161,Male,0,Yes,Yes,13,Fiber optic,Month-to-month,93.45,1243.59,Bank transfer,Yes,No,No,No
CUST102162,Female,0,No,Yes,9,Fiber optic,Month-to-month,102.82,758.36,Mailed check,Yes,Yes,Yes,Yes
CUST102163,Female,1,Yes,No,36,No,Two year,80.42,2881.43,Mailed check,Yes,Yes,Yes,No
CUST102164,Male,0,Yes,No,58,Fiber optic,Month-to-month,45.84,2672.16,Electronic check,Yes,No,No,No
CUST102165,Male,0,Yes,No,54,No,Month-to-month,20.0,1140.05,Electronic check,No,Yes,No,Yes
CUST102166,Male,1,Yes,No,12,DSL,One year,51.38,586.57,Electronic check,Yes,No,No,No
CUST102167,Female,0,No,No,14,Fiber optic,Month-to-month,105.34,1465.16,Electronic check,No,No internet,No,No
CUST102168,Female,0,No,No,34,DSL,Month-to-month,117.59,4080.68,Electronic check,No,No,No,No
CUST102169,Male,1,No,No,53,DSL,Month-to-month,66.05,3481.19,Electronic check,No,Yes,Yes,Yes
CUST102170,Male,1,Yes,Yes,20,Fiber optic,Month-to-month,35.48,651.3,Electronic check,Yes,No,No internet,No
CUST102171,Female,0,No,No,16,Fiber optic,Month-to-month,55.79,959.5,Bank transfer,No,No internet,Yes,No
CUST102172,Female,0,No,No,70,DSL,Month-to-month,100.45,7099.85,Credit card,No,No,No,No
CUST102173,Female,0,Yes,No,56,DSL,Two year,57.22,3031.45,Credit card,Yes,No,No,No
CUST102174,Male,0,No,No,58,Fiber optic,Month-to-month,86.73,5051.05,Electronic check,Yes,No internet,No,Yes
CUST102175,Male,0,Yes,No,4,Fiber optic,One year,76.21,224.25,Mailed check,Yes,Yes,No,No
CUST102176,Male,1,Yes,No,4,No,One year,89.75,390.99,Credit card,Yes,No internet,No internet,No
CUST102177,Female,0,Yes,No,20,DSL,Month-to-month,117.45,2425.21,Electronic check,Yes,No internet,No,Yes
CUST102178,Male,0,Yes,No,10,DSL,Month-to-month,86.74,916.94,Credit card,Yes,No internet,No,Yes
CUST102179,Male,0,Yes,No,24,No,Month-to-month,75.67,1873.52,Bank transfer,Yes,Yes,No,No
CUST102180,Female,0,Yes,No,26,Fiber optic,One year,120.21,3072.63,Credit card,Yes,No internet,No,No
CUST102181,Male,0,No,Yes,37,Fiber optic,One year,80.74,2950.77,Credit card,No,No,No,No
CUST102182,Female,0,No,No,54,DSL,One year,52.18,2865.14,Bank transfer,No,No,Yes,No
CUST102183,Male,0,No,No,21,DSL,Month-to-month,89.19,1878.66,Bank transfer,No,No,No,Yes
CUST102184,Male,0,Yes,Yes,38,Fiber optic,Two year,83.19,3037.75,Electronic check,Yes,Yes,Yes,No
CUST102185,Male,0,Yes,No,46,Fiber optic,Month-to-month,64.3,3029.11,Electronic check,Yes,No,No,No
CUST102186,Male,0,No,No,4,DSL,Month-to-month,59.06,119.17,Mailed check,No,No,No,Yes
CUST102187,Male,0,Yes,No,60,Fiber optic,Month-to-month,64.54,3898.38,Electronic check,No,No,No internet,No
CUST102188,Male,0,No,No,57,No,Month-to-month,58.7,3362.48,Electronic check,Yes,No,No,Yes
CUST102189,Male,1,No,No,45,Fiber optic,Month-to-month,65.36,3035.73,Electronic check,Yes,Yes,No,Yes
CUST102190,Female,1,No,No,20,Fiber optic,One year,50.93,999.74,Credit card,No,No,No,No
CUST102191,Female,0,Yes,Yes,17,Fiber optic,Two year,81.65,1225.73,Electronic check,Yes,Yes,No,No
CUST102192,Male,0,Yes,No,71,DSL,Two year,79.78,5675.84,Electronic check,Yes,No,Yes,No
CUST102193,Female,0,No,No,4,No,Month-to-month,80.63,349.13,Mailed check,Yes,Yes,Yes,No
CUST102194,Female,0,Yes,No,14,DSL,One year,70.44,1072.05,Mailed check,No,No,No,No
CUST102195,Male,0,No,No,3,No,Month-to-month,67.56,160.45,Electronic check,Yes,No,No,Yes
CUST102196,Female,0,Yes,No,58,Fiber optic,Month-to-month,108.05,6323.16,Credit card,No,No internet,No,No
CUST102197,Male,0,No,Yes,55,Fiber optic,Month-to-month,73.69,4124.71,Bank transfer,Yes,,No,Yes
CUST102198,Male,0,Yes,No,4,DSL,Month-to-month,103.59,355.79,Mailed check,Yes,No,Yes,No
CUST102199,Female,0,Yes,No,24,No,Month-to-month,47.09,1155.52,Electronic check,Yes,No,No,No
CUST102200,Male,0,Yes,No,34,DSL,Month-to-month,86.73,2831.06,Mailed check,Yes,No,No internet,No
CUST102201,Female,0,Yes,No,30,DSL,One year,53.63,1654.03,Credit card,No,No,Yes,No
CUST102202,Female,0,No,Yes,19,Fiber optic,Two year,58.1,1121.69,Electronic check,No,Yes,No,No
CUST102203,Female,0,Yes,No,31,Fiber optic,Month-to-month,61.7,1813.6,Mailed check,Yes,No,Yes,No
CUST102204,Female,0,No,No,60,No,Two year,60.14,3576.65,Electronic check,Yes,No,No internet,No
CUST102205,Female,0,No,Yes,60,Fiber optic,One year,60.26,3702.4,Credit card,Yes,Yes,No,No
CUST102206,Female,0,Yes,No,19,Fiber optic,Month-to-month,102.43,1962.16,Electronic check,No,Yes,Yes,Yes
CUST102207,Female,1,No,No,49,DSL,One year,73.14,3529.24,Credit card,Yes,No,Yes,No
CUST102208,Female,0,No,Yes,63,Fiber optic,Month-to-month,77.63,4829.27,Electronic check,Yes,No,No,No
CUST102209,Male,1,Yes,Yes,22,DSL,Two year,60.57,1412.79,Bank transfer,Yes,Yes,No,No
CUST102210,Male,0,Yes,No,24,Fiber optic,One year,93.42,2202.8,Bank transfer,Yes,No internet,No,Yes
CUST102211,Female,1,Yes,No,30,DSL,Two year,80.88,2444.05,Electronic check,Yes,No internet,No,No
CUST102212,Female,0,Yes,No,58,DSL,One year,64.28,3695.2,Mailed check,Yes,Yes,No,No
CUST102213,Female,0,Yes,No,31,DSL,Two year,32.39,827.11,Electronic check,Yes,Yes,No internet,No
CUST102214,Male,0,Yes,No,64,Fiber optic,One year,77.41,4901.98,Electronic check,No,No,No internet,No
CUST102215,Female,0,Yes,Yes,19,Fiber optic,Month-to-month,86.39,1732.45,Credit card,No,No internet,Yes,No
CUST102216,Female,0,No,No,48,Fiber optic,Month-to-month,47.53,2452.96,Electronic check,Yes,No,No,No
CUST102217,Female,0,Yes,No,45,Fiber optic,Month-to-month,64.62,2846.03,Bank transfer,Yes,No,Yes,No
CUST102218,Female,0,No,No,55,DSL,Month-to-month,85.43,4725.32,Electronic check,No,Yes,No,No
CUST102219,Female,0,Yes,No,55,Fiber optic,Month-to-month,32.73,1986.45,Electronic check,No,No,No,No
CUST102220,Female,1,Yes,No,18,Fiber optic,Two year,55.78,1100.12,Bank transfer,Yes,No,No,No
CUST102221,Female,1,No,Yes,63,Fiber optic,Month-to-month,81.42,5032.48,Bank transfer,Yes,Yes,No,Yes
CUST102222,Male,0,Yes,No,47,DSL,Two year,99.63,4661.44,Electronic check,No,No,No internet,No
CUST102223,Female,0,Yes,No,57,Fiber optic,Two year,126.64,,Mailed check,Yes,Yes,Yes,No
CUST102224,Male,0,Yes,No,45,No,One year,120.97,5545.47,Electronic check,Yes,No,No internet,No
CUST102225,Female,1,No,Yes,33,DSL,Two year,75.59,2398.21,Credit card,No,Yes,Yes,No
CUST102226,Male,0,Yes,Yes,17,DSL,Month-to-month,59.89,1080.07,Electronic check,Yes,Yes,Yes,No
CUST102227,Female,1,No,Yes,70,DSL,Two year,95.08,6711.89,Electronic check,No,No internet,No,No
CUST102228,Male,0,Yes,No,4,Fiber optic,Month-to-month,58.41,209.32,Bank transfer,No,Yes,No internet,No
CUST102229,Male,1,No,Yes,20,DSL,Month-to-month,52.95,1230.53,Electronic check,Yes,No,No internet,No
CUST102230,Female,0,No,No,47,DSL,Month-to-month,64.37,2952.48,Electronic check,No,Yes,No,No
CUST102231,Male,0,No,No,15,No,Month-to-month,61.23,947.58,Mailed check,Yes,Yes,No,No
CUST102232,Female,0,No,Yes,70,No,One year,82.32,5778.35,Credit card,No,No,No,No
CUST102233,Female,0,Yes,Yes,47,Fiber optic,Month-to-month,56.94,2706.26,Credit card,No,Yes,No,No
CUST102234,Female,0,No,Yes,9,Fiber optic,Month-to-month,74.13,759.61,Bank transfer,Yes,Yes,No internet,Yes
CUST102235,Male,1,Yes,No,16,DSL,Two year,111.87,1682.51,Mailed check,Yes,No internet,No internet,No
CUST102236,Male,0,Yes,No,69,DSL,One year,75.05,5191.13,Bank transfer,Yes,Yes,No,No
CUST102237,Male,0,Yes,Yes,61,Fiber optic,Month-to-month,109.92,6862.68,Mailed check,No,Yes,No,No
CUST102238,Female,0,No,No,10,Fiber optic,One year,102.05,1084.36,Electronic check,Yes,No,No,No
CUST102239,Female,0,Yes,No,50,Fiber optic,One year,86.8,4287.13,Credit card,Yes,Yes,Yes,No
CUST102240,Male,0,No,Yes,3,DSL,Two year,63.15,125.45,Electronic check,No,No,No,Yes
CUST102241,Female,1,No,No,70,No,Month-to-month,98.01,6902.12,Mailed check,Yes,Yes,Yes,Yes
CUST102242,Female,0,Yes,Yes,51,DSL,Month-to-month,65.75,3314.1,Credit card,Yes,Yes,Yes,No
CUST102243,Male,0,No,Yes,19,Fiber optic,Month-to-month,71.95,1355.62,Bank transfer,No,No,No,Yes
CUST102244,Female,0,Yes,No,42,Fiber optic,Month-to-month,80.25,3311.02,Electronic check,No,,No,No
CUST102245,Female,0,No,No,35,Fiber optic,Two year,71.87,2681.37,Electronic check,Yes,Yes,No,No
CUST102246,Male,0,No,No,46,Fiber optic,Month-to-month,53.99,2511.26,Mailed check,Yes,No,Yes,No
CUST102247,Male,0,No,Yes,26,DSL,Two year,33.82,883.54,Mailed check,No,Yes,No,No
CUST102248,Male,0,Yes,No,69,Fiber optic,Month-to-month,95.98,6492.03,Mailed check,Yes,Yes,No,No
CUST102249,Female,1,No,No,64,DSL,Two year,86.26,5454.6,Electronic check,Yes,No internet,No internet,No
CUST102250,Female,0,No,No,37,No,Month-to-month,28.98,1067.38,Credit card,Yes,Yes,Yes,Yes
CUST102251,Female,1,Yes,No,49,No,Two year,53.33,2608.39,Electronic check,Yes,No internet,No,No
CUST102252,Male,0,Yes,No,21,Fiber optic,Two year,76.48,1738.95,Mailed check,Yes,Yes,Yes,No
CUST102253,Female,0,Yes,Yes,64,Fiber optic,Two year,83.06,5325.74,Mailed check,No,No internet,Yes,No
CUST102254,Male,0,No,Yes,5,Fiber optic,Month-to-month,34.04,253.26,Electronic check,Yes,No,Yes,Yes
CUST102255,Female,1,No,No,70,DSL,Month-to-month,69.77,4898.24,Electronic check,No,No internet,Yes,Yes
CUST102256,Female,0,Yes,No,4,No,One year,85.49,410.84,Credit card,Yes,Yes,No,No
CUST102257,Female,0,Yes,No,39,Fiber optic,Month-to-month,63.21,2331.75,Credit card,Yes,No,No internet,No
CUST102258,Female,1,Yes,No,35,Fiber optic,Month-to-month,78.4,2643.48,Electronic check,Yes,No,No,Yes
CUST102259,Female,0,Yes,No,1,No,Month-to-month,59.81,133.71,Credit card,No,No,No,Yes
CUST102260,Female,0,No,Yes,24,DSL,Month-to-month,94.73,2393.24,Electronic check,Yes,No,Yes,No
CUST102261,Female,0,No,No,57,No,Month-to-month,52.02,2828.62,Bank transfer,Yes,No,No,Yes
CUST102262,Male,0,Yes,No,70,Fiber optic,Month-to-month,43.45,3042.48,Electronic check,No,No internet,Yes,No
CUST102263,Female,0,No,No,41,Fiber optic,Month-to-month,72.72,2861.55,Credit card,No,No,Yes,Yes
CUST102264,Male,0,Yes,Yes,54,Fiber optic,Month-to-month,36.16,1899.51,Electronic check,Yes,No,Yes,No
CUST102265,Female,0,No,No,46,Fiber optic,One year,20.0,767.93,Bank transfer,Yes,No internet,No,No
CUST102266,Male,0,Yes,No,60,DSL,Month-to-month,99.09,,Credit card,No,Yes,Yes,Yes
CUST102267,Male,0,No,No,60,Fiber optic,Month-to-month,47.39,2828.64,Electronic check,No,No,No,No
CUST102268,Male,0,No,No,57,Fiber optic,Two year,38.66,2187.89,Mailed check,No,No internet,Yes,No
CUST102269,Female,0,Yes,No,31,No,Two year,51.71,1579.6,Electronic check,Yes,No,No,No
CUST102270,Male,0,Yes,No,24,Fiber optic,Two year,50.58,1264.71,Bank transfer,Yes,Yes,Yes,No
CUST102271,Male,0,No,No,36,DSL,Two year,68.45,2601.36,Electronic check,Yes,No,Yes,No
CUST102272,Male,0,No,Yes,30,Fiber optic,Month-to-month,44.66,1243.1,Bank transfer,Yes,No internet,No,No
CUST102273,Female,0,Yes,Yes,24,DSL,One year,84.45,1959.56,Credit card,No,No internet,No internet,No
CUST102274,Male,0,Yes,No,30,Fiber optic,Month-to-month,88.16,2655.15,Electronic check,No,No internet,No,No
CUST102275,Male,0,No,Yes,7,DSL,One year,40.13,259.47,Electronic check,Yes,No,No,No
CUST102276,Male,0,Yes,No,35,Fiber optic,Month-to-month,56.55,1953.92,Bank transfer,Yes,No,Yes,No
CUST102277,Male,0,No,Yes,55,Fiber optic,One year,58.92,3135.61,Credit card,Yes,Yes,Yes,No
CUST102278,Female,0,Yes,No,14,DSL,Month-to-month,67.87,913.72,Credit card,Yes,Yes,No,No
CUST102279,Male,0,Yes,No,10,Fiber optic,Month-to-month,99.07,955.04,Electronic check,Yes,Yes,No,Yes
CUST102280,Male,0,No,No,16,Fiber optic,One year,100.51,1625.66,Mailed check,No,Yes,No,No
CUST102281,Male,0,Yes,No,54,No,Month-to-month,134.47,7188.78,Credit card,Yes,No internet,No,No
CUST102282,Male,1,No,No,70,No,Month-to-month,20.0,1471.39,Credit card,Yes,No,No,No
CUST102283,Male,0,No,No,44,Fiber optic,Month-to-month,48.89,2049.98,Bank transfer,Yes,No,No,No
CUST102284,Female,1,No,No,45,Fiber optic,Month-to-month,117.35,5405.08,Electronic check,Yes,No internet,No,Yes
CUST102285,Male,0,No,Yes,56,Fiber optic,Month-to-month,26.98,1445.46,Electronic check,Yes,No internet,Yes,No
CUST102286,Female,0,Yes,No,57,Fiber optic,Two year,116.78,6771.84,Electronic check,No,No,Yes,No
CUST102287,Male,0,No,Yes,21,No,Month-to-month,75.68,1529.29,Credit card,No,No,No,No
CUST102288,Male,0,Yes,Yes,68,DSL,Month-to-month,76.6,5275.25,Electronic check,Yes,Yes,No,Yes
CUST102289,Female,1,No,No,50,Fiber optic,Month-to-month,40.01,1971.31,Bank transfer,Yes,No,No,No
CUST102290,Female,0,No,No,33,No,One year,60.72,2010.21,Bank transfer,Yes,Yes,No,Yes
CUST102291,Female,0,No,No,7,DSL,One year,115.68,857.91,Mailed check,Yes,No,No internet,Yes
CUST102292,Male,0,No,Yes,70,DSL,One year,70.81,4930.02,Mailed check,Yes,No internet,No,No
CUST102293,Female,0,Yes,No,15,Fiber optic,One year,60.89,761.08,Bank transfer,No,Yes,Yes,No
CUST102294,Female,1,Yes,Yes,32,Fiber optic,Two year,82.14,2577.6,Mailed check,No,Yes,Yes,No
CUST102295,Male,0,No,Yes,20,DSL,Two year,67.19,1303.36,Electronic check,No,No,No internet,No
CUST102296,Male,0,Yes,Yes,15,Fiber optic,One year,80.63,1347.73,Mailed check,No,No,No,No
CUST102297,Male,0,No,No,48,Fiber optic,Month-to-month,50.76,2432.7,Credit card,Yes,Yes,No,Yes
CUST102298,Male,0,No,No,71,Fiber optic,One year,70.07,4988.62,Credit card,Yes,Yes,No,Yes
CUST102299,Female,0,No,Yes,21,Fiber optic,Month-to-month,55.97,1166.12,Bank transfer,Yes,No internet,No,No
CUST102300,Female,1,Yes,Yes,42,DSL,One year,26.9,1147.23,Credit card,Yes,Yes,Yes,No
CUST102301,Female,0,Yes,No,26,DSL,Two year,84.05,2086.28,Mailed check,Yes,No,No internet,No
CUST102302,Male,1,Yes,No,14,Fiber optic,One year,41.16,521.28,Bank transfer,No,No,Yes,No
CUST102303,Male,1,Yes,No,57,Fiber optic,Two year,67.88,3922.16,Credit card,Yes,No,No internet,No
CUST102304,Male,0,Yes,No,37,DSL,Month-to-month,95.15,3502.69,Mailed check,No,Yes,Yes,No
CUST102305,Male,0,Yes,Yes,58,Fiber optic,Month-to-month,34.55,1995.8,Electronic check,Yes,No,Yes,No
CUST102306,Female,0,No,No,21,DSL,Month-to-month,87.12,1827.9,Credit card,Yes,No internet,Yes,No
CUST102307,Female,0,No,No,69,DSL,Two year,64.5,4505.55,Credit card,No,Yes,No internet,No
CUST102308,Male,0,No,No,3,Fiber optic,Two year,47.84,92.25,Mailed check,Yes,Yes,Yes,No
CUST102309,Male,0,Yes,Yes,37,DSL,One year,122.57,4543.08,Credit card,No,Yes,No,No
CUST102310,Male,0,Yes,No,49,DSL,One year,71.99,3355.25,Mailed check,Yes,No,Yes,No
CUST102311,Male,0,Yes,No,19,Fiber optic,One year,57.8,969.25,Mailed check,No,No,Yes,No
CUST102312,Female,0,No,No,12,Fiber optic,Two year,52.49,609.99,Bank transfer,Yes,Yes,No,No
CUST102313,Male,0,No,No,61,No,Two year,94.03,5647.41,Electronic check,Yes,Yes,No internet,No
CUST102314,Female,0,Yes,No,41,Fiber optic,One year,56.7,2403.36,Bank transfer,No,No,No internet,No
CUST102315,Male,0,No,No,33,DSL,One year,90.91,2914.58,Electronic check,Yes,No internet,Yes,No
CUST102316,Male,0,Yes,No,50,DSL,Month-to-month,71.94,3586.78,Electronic check,Yes,No,No internet,Yes
CUST102317,Male,0,No,No,68,Fiber optic,One year,99.9,6857.39,Mailed check,No,Yes,No,No
CUST102318,Male,0,Yes,Yes,71,Fiber optic,Month-to-month,45.94,3301.2,Bank transfer,No,Yes,Yes,No
CUST102319,Male,1,Yes,No,33,DSL,Month-to-month,49.42,1587.28,Electronic check,Yes,No,No,Yes
CUST102320,Male,0,Yes,No,24,Fiber optic,Two year,64.97,1528.09,Credit card,Yes,Yes,Yes,No
CUST102321,Male,0,No,No,61,DSL,Month-to-month,67.05,4128.02,Bank transfer,No,No,No internet,No
CUST102322,Male,0,Yes,No,61,No,Two year,63.14,3916.09,Electronic check,No,No,No,No
CUST102323,Female,0,No,No,28,DSL,Month-to-month,137.79,3977.87,Electronic check,No,Yes,Yes,Yes
CUST102324,Male,0,Yes,Yes,58,Fiber optic,Month-to-month,123.58,7232.06,Credit card,Yes,No,No,No
CUST102325,Male,0,Yes,No,43,No,Month-to-month,79.48,3472.47,Mailed check,Yes,No,No,No
CUST102326,Male,1,No,Yes,41,DSL,Month-to-month,82.42,3406.63,Electronic check,Yes,No,No,No
CUST102327,Female,1,Yes,No,39,No,Month-to-month,66.09,2587.18,Electronic check,Yes,No,No,Yes
CUST102328,Female,0,Yes,No,49,Fiber optic,Month-to-month,45.75,2212.08,Mailed check,Yes,No,No,No
CUST102329,Male,0,Yes,Yes,17,DSL,Month-to-month,67.45,1186.53,Electronic check,Yes,No,No,Yes
CUST102330,Male,0,No,No,70,DSL,Month-to-month,91.28,6370.68,Bank transfer,Yes,No,No,No
CUST102331,Female,0,No,No,70,Fiber optic,Month-to-month,104.64,7380.52,Credit card,Yes,Yes,No internet,Yes
CUST102332,Female,0,Yes,Yes,65,No,One year,96.89,6355.64,Electronic check,No,Yes,Yes,No
CUST102333,Female,0,Yes,No,5,Fiber optic,Month-to-month,34.26,208.92,Credit card,No,No internet,No,Yes
CUST102334,Male,1,No,No,2,Fiber optic,One year,64.77,79.76,Credit card,Yes,No internet,No,Yes
CUST102335,Male,0,No,No,22,No,One year,35.28,769.1,Credit card,No,No,Yes,No
CUST102336,Female,0,No,Yes,57,Fiber optic,Month-to-month,101.22,5856.25,Credit card,No,No,No internet,No
CUST102337,Female,1,No,No,66,No,Two year,61.69,3934.99,Credit card,Yes,Yes,Yes,Yes
CUST102338,Male,1,No,No,16,DSL,One year,70.82,1148.33,Bank transfer,Yes,No,No,No
CUST102339,Male,0,No,Yes,51,Fiber optic,One year,84.0,4344.56,Mailed check,Yes,No internet,No,No
CUST102340,Male,0,Yes,No,39,Fiber optic,Month-to-month,141.15,5539.62,Mailed check,Yes,No internet,No,No
CUST102341,Male,0,No,No,40,DSL,One year,78.71,3313.95,Credit card,Yes,Yes,No internet,No
CUST102342,Female,0,Yes,Yes,38,DSL,Two year,66.04,2380.57,Electronic check,Yes,Yes,No internet,No
CUST102343,Male,0,Yes,No,60,No,Month-to-month,40.97,2363.51,Electronic check,Yes,No,No internet,No
CUST102344,Male,0,Yes,No,59,No,Month-to-month,108.47,6414.32,Electronic check,Yes,No,No,Yes
CUST102345,Female,0,Yes,No,10,Fiber optic,Month-to-month,67.46,749.16,Credit card,Yes,No,Yes,No
CUST102346,Male,0,Yes,Yes,64,Fiber optic,One year,113.43,7264.11,Bank transfer,Yes,No,No internet,No
CUST102347,Female,0,Yes,No,63,No,Month-to-month,99.64,6382.76,Mailed check,Yes,Yes,No,Yes
CUST102348,Female,0,Yes,Yes,49,DSL,One year,60.43,2914.89,Electronic check,Yes,No,Yes,No
CUST102349,Male,1,No,No,64,Fiber optic,Month-to-month,37.19,2358.33,Bank transfer,Yes,No,No internet,No
CUST102350,Male,0,No,No,32,DSL,Two year,78.81,2582.93,Electronic check,No,No,No,No
CUST102351,Female,0,Yes,No,7,No,Month-to-month,56.63,368.11,Bank transfer,No,No,No,No
CUST102352,Female,0,Yes,No,21,DSL,Month-to-month,72.98,1607.53,Mailed check,Yes,No,No,No
CUST102353,Male,0,Yes,No,20,Fiber optic,One year,98.23,2020.18,Credit card,No,No,No internet,No
CUST102354,Male,1,No,Yes,26,DSL,Month-to-month,30.66,763.85,Mailed check,No,No,No,No
CUST102355,Male,0,No,No,68,DSL,Month-to-month,78.62,5370.12,Bank transfer,Yes,No internet,Yes,No
CUST102356,Female,0,No,No,15,No,Month-to-month,90.99,1326.61,Bank transfer,Yes,Yes,No,No
CUST102357,Male,0,No,Yes,14,No,Month-to-month,92.2,1219.42,Mailed check,Yes,No internet,No internet,No
CUST102358,Female,0,No,No,27,DSL,Two year,37.91,992.26,Electronic check,Yes,Yes,No,No
CUST102359,Male,0,Yes,Yes,40,DSL,Two year,82.48,3284.85,Mailed check,Yes,Yes,No,No
CUST102360,Female,0,Yes,No,58,No,Month-to-month,102.09,5930.16,Credit card,Yes,No,Yes,No
CUST102361,Female,0,No,No,28,Fiber optic,Month-to-month,80.58,2247.55,Mailed check,No,No,No,No
CUST102362,Female,0,Yes,Yes,26,Fiber optic,Month-to-month,69.11,1656.46,Bank transfer,Yes,Yes,Yes,No
CUST102363,Male,0,Yes,Yes,63,No,One year,100.49,6410.14,Credit card,Yes,No,No,No
CUST102364,Male,0,Yes,No,66,Fiber optic,Month-to-month,54.64,3470.06,Credit card,Yes,No,No,No
CUST102365,Female,0,Yes,No,25,Fiber optic,Month-to-month,33.75,858.86,Bank transfer,No,Yes,No internet,Yes
CUST102366,Male,0,Yes,No,3,Fiber optic,Month-to-month,66.99,141.69,Bank transfer,Yes,No,Yes,No
CUST102367,Female,0,No,No,72,Fiber optic,One year,85.38,6159.04,Credit card,Yes,Yes,Yes,No
CUST102368,Female,0,Yes,Yes,44,Fiber optic,Month-to-month,97.97,4292.75,Credit card,Yes,No,Yes,No
CUST102369,Female,0,Yes,No,42,Fiber optic,Two year,85.26,3608.74,Credit card,Yes,No,Yes,No
CUST102370,Female,0,No,Yes,6,No,Month-to-month,92.9,599.04,Bank transfer,Yes,No,Yes,Yes
CUST102371,Male,0,No,No,39,DSL,Month-to-month,98.13,3910.1,Mailed check,No,No internet,No,No
CUST102372,Male,1,No,No,52,DSL,Month-to-month,63.52,3364.89,Electronic check,Yes,No,No,Yes
CUST102373,Male,0,No,Yes,23,Fiber optic,Month-to-month,68.3,1574.21,Mailed check,Yes,No,No,No
CUST102374,Male,0,Yes,No,50,DSL,Month-to-month,104.18,5284.46,Credit card,Yes,No,Yes,No
CUST102375,Female,0,No,Yes,43,DSL,Month-to-month,41.75,1754.54,Credit card,No,No internet,No internet,No
CUST102376,Female,0,No,No,19,DSL,Month-to-month,82.73,1706.34,Mailed check,Yes,Yes,Yes,Yes
CUST102377,Female,0,No,No,69,Fiber optic,Month-to-month,54.08,3683.97,Mailed check,No,Yes,No internet,No
CUST102378,Male,0,No,No,51,Fiber optic,Month-to-month,99.51,5037.43,Electronic check,Yes,No,No,No
CUST102379,Male,0,Yes,Yes,11,DSL,Two year,71.55,641.69,Mailed check,Yes,No internet,No,No
CUST102380,Male,0,Yes,No,12,DSL,Month-to-month,72.19,812.86,Bank transfer,No,Yes,No,No
CUST102381,Female,0,No,No,8,DSL,One year,115.22,900.4,Mailed check,Yes,No internet,No internet,Yes
CUST102382,Male,0,Yes,No,24,DSL,Month-to-month,45.1,1060.61,Electronic check,Yes,Yes,No,No
CUST102383,Male,0,No,No,41,Fiber optic,Month-to-month,77.4,3308.03,Bank transfer,Yes,Yes,Yes,No
CUST102384,Male,1,Yes,No,36,DSL,Month-to-month,67.5,2476.8,Electronic check,Yes,Yes,No,Yes
CUST102385,Male,1,Yes,No,72,Fiber optic,Month-to-month,85.31,6217.44,Credit card,Yes,No,No internet,No
CUST102386,Female,0,No,No,55,DSL,Month-to-month,120.23,6612.66,Mailed check,Yes,No internet,No internet,Yes
CUST102387,Male,1,Yes,No,9,No,Month-to-month,56.87,455.74,Credit card,Yes,Yes,No,No
CUST102388,Female,1,Yes,Yes,47,DSL,One year,42.07,2151.6,Electronic check,Yes,No,Yes,No
CUST102389,Female,1,Yes,Yes,15,Fiber optic,Month-to-month,51.77,768.48,Electronic check,Yes,Yes,No,Yes
CUST102390,Female,0,No,No,48,Fiber optic,Month-to-month,66.18,3228.2,Bank transfer,Yes,No,No internet,Yes
CUST102391,Male,0,Yes,No,42,DSL,Month-to-month,73.61,3015.82,Credit card,Yes,Yes,No,No
CUST102392,Female,0,Yes,No,60,No,One year,74.86,4397.95,Bank transfer,Yes,No,No,No
CUST102393,Female,0,Yes,No,70,DSL,One year,117.07,8314.57,Electronic check,No,No,No,No
CUST102394,Male,0,Yes,Yes,12,DSL,Month-to-month,112.62,1386.04,Electronic check,Yes,No,Yes,Yes
CUST102395,Female,0,Yes,No,2,Fiber optic,Month-to-month,104.57,191.34,Bank transfer,Yes,Yes,No internet,Yes
CUST102396,Female,0,Yes,No,7,DSL,Month-to-month,134.86,928.93,Electronic check,No,Yes,No,No
CUST102397,Male,0,No,Yes,3,DSL,Month-to-month,92.6,194.99,Mailed check,Yes,No,Yes,No
CUST102398,Male,0,No,No,3,No,One year,99.71,254.25,Bank transfer,Yes,No,No internet,No
CUST102399,Male,0,No,No,27,Fiber optic,One year,92.12,2521.3,Electronic check,Yes,No internet,No internet,No
CUST102400,Male,0,No,No,40,DSL,Month-to-month,88.02,3524.45,Electronic check,Yes,No,Yes,Yes
CUST102401,Male,0,No,No,33,Fiber optic,Month-to-month,81.86,2761.6,Electronic check,Yes,No internet,No,No
CUST102402,Male,0,No,No,1,DSL,One year,62.08,62.08,Credit card,Yes,No,Yes,No
CUST102403,Male,0,No,No,8,DSL,Month-to-month,40.83,340.58,Mailed check,Yes,Yes,Yes,No
CUST102404,Female,0,Yes,No,32,Fiber optic,Month-to-month,68.73,2261.75,Credit card,No,Yes,No,No
CUST102405,Male,0,No,Yes,48,Fiber optic,One year,86.14,3958.23,Electronic check,Yes,No,Yes,No
CUST102406,Male,0,No,No,4,DSL,Month-to-month,73.81,212.52,Bank transfer,Yes,No,No internet,No
CUST102407,Female,0,Yes,No,70,DSL,Month-to-month,45.37,3060.22,Electronic check,No,No,No internet,No
CUST102408,Female,0,Yes,No,19,Fiber optic,Month-to-month,67.85,1392.87,Mailed check,Yes,Yes,Yes,Yes
CUST102409,Male,0,No,No,32,Fiber optic,One year,66.55,2135.37,Credit card,Yes,No,Yes,No
CUST102410,Female,0,No,No,9,DSL,Month-to-month,70.44,645.25,Credit card,No,No,Yes,Yes
CUST102411,Male,0,No,No,12,No,Two year,84.27,1102.0,Credit card,Yes,No,No internet,No
CUST102412,Female,0,No,No,11,Fiber optic,One year,89.66,977.4,Credit card,No,Yes,No,Yes
CUST102413,Male,0,No,No,46,DSL,Month-to-month,59.5,2685.01,Electronic check,Yes,No,No,No
CUST102414,Female,0,Yes,No,16,Fiber optic,Month-to-month,96.53,1558.18,Mailed check,Yes,Yes,No,No
CUST102415,Male,0,Yes,Yes,1,Fiber optic,Month-to-month,100.29,134.71,Mailed check,Yes,No internet,Yes,No
CUST102416,Female,0,Yes,No,63,Fiber optic,Month-to-month,80.01,4950.16,Credit card,Yes,No internet,Yes,No
CUST102417,Female,0,No,Yes,21,No,Two year,88.62,1986.33,Electronic check,No,No,Yes,No
CUST102418,Female,0,No,No,30,Fiber optic,One year,96.61,2746.84,Credit card,No,No,No,No
CUST102419,Female,0,No,No,13,DSL,Month-to-month,44.56,605.4,Mailed check,No,No,No,No
CUST102420,Male,1,No,No,34,Fiber optic,One year,98.37,3478.48,Bank transfer,Yes,No,Yes,No
CUST102421,Male,0,Yes,Yes,4,No,Month-to-month,52.25,218.68,Electronic check,No,Yes,No,Yes
CUST102422,Female,0,Yes,Yes,28,DSL,One year,54.68,1366.65,Mailed check,No,No internet,No,No
CUST102423,Female,0,No,Yes,59,DSL,One year,76.91,4656.62,Bank transfer,Yes,No,Yes,No
CUST102424,Female,0,Yes,Yes,27,No,Month-to-month,20.0,501.5,Mailed check,No,Yes,Yes,No
CUST102425,Female,0,Yes,No,69,DSL,Month-to-month,76.39,5333.38,Credit card,No,No,Yes,No
CUST102426,Male,0,No,Yes,25,DSL,One year,96.54,2447.01,Bank transfer,No,Yes,Yes,No
CUST102427,Male,0,No,Yes,3,Fiber optic,One year,30.85,91.25,Bank transfer,Yes,Yes,No,Yes
CUST102428,Male,0,No,No,68,Fiber optic,Month-to-month,99.23,6582.93,Credit card,No,No,Yes,Yes
CUST102429,Male,0,Yes,Yes,25,DSL,Month-to-month,54.53,1395.81,Bank transfer,Yes,No,No internet,No
CUST102430,Male,1,No,No,20,Fiber optic,One year,77.17,1602.45,Bank transfer,No,No,Yes,No
CUST102431,Male,0,No,Yes,34,Fiber optic,Month-to-month,58.16,1849.36,Electronic check,Yes,No internet,No,No
CUST102432,Female,0,Yes,Yes,26,DSL,Month-to-month,86.32,2378.29,Mailed check,No,No internet,No internet,No
CUST102433,Female,0,No,Yes,5,Fiber optic,Month-to-month,97.62,457.21,Bank transfer,Yes,Yes,Yes,Yes
CUST102434,Female,0,No,Yes,61,DSL,Month-to-month,88.18,5524.29,Credit card,Yes,Yes,No,Yes
CUST102435,Male,0,Yes,No,9,Fiber optic,Month-to-month,71.9,700.46,Electronic check,Yes,No,Yes,Yes
CUST102436,Male,0,Yes,No,50,No,Two year,60.1,3006.89,Electronic check,Yes,No,Yes,No
CUST102437,Male,0,No,No,6,No,One year,70.27,430.0,Bank transfer,No,No internet,No,No
CUST102438,Male,0,No,No,60,No,Month-to-month,88.4,5382.79,Electronic check,No,No,Yes,Yes
CUST102439,Female,0,Yes,No,44,Fiber optic,Month-to-month,89.26,4049.68,Bank transfer,Yes,Yes,Yes,No
CUST102440,Female,0,Yes,No,11,DSL,Month-to-month,85.77,865.72,Bank transfer,Yes,No,No internet,No
CUST102441,Male,0,Yes,No,66,No,Month-to-month,39.94,2588.15,Mailed check,Yes,No,No,No
CUST102442,Male,0,No,Yes,47,No,Two year,71.42,3489.38,Credit card,Yes,No internet,Yes,No
CUST102443,Male,0,Yes,Yes,3,DSL,Month-to-month,56.16,97.91,Mailed check,No,Yes,No,No
CUST102444,Male,0,No,No,30,Fiber optic,Two year,88.62,2660.37,Bank transfer,No,No,Yes,No
CUST102445,Female,0,Yes,No,21,DSL,Month-to-month,52.88,1055.5,Electronic check,Yes,Yes,Yes,No
CUST102446,Female,0,No,No,28,DSL,One year,83.3,2391.54,Mailed check,Yes,No,Yes,No
CUST102447,Male,0,No,No,62,Fiber optic,Month-to-month,64.95,3829.81,Credit card,No,Yes,No,No
CUST102448,Female,0,No,No,33,DSL,Month-to-month,25.02,884.43,Electronic check,Yes,No internet,No,Yes
CUST102449,Male,0,No,Yes,35,DSL,Month-to-month,95.27,3427.28,Mailed check,Yes,No,No,Yes
CUST102450,Male,0,No,No,52,DSL,Two year,71.37,3763.84,Electronic check,Yes,No internet,Yes,No
CUST102451,Female,0,No,Yes,34,Fiber optic,One year,103.9,3466.08,Electronic check,Yes,No internet,No,No
CUST102452,Female,0,No,No,41,DSL,Two year,30.37,961.7,Electronic check,Yes,Yes,Yes,No
CUST102453,Female,0,No,No,51,No,One year,64.71,3246.01,Electronic check,No,No,No,Yes
CUST102454,Female,0,Yes,Yes,47,DSL,Two year,66.59,3181.87,Credit card,Yes,No internet,No,No
CUST102455,Female,0,No,No,58,DSL,Month-to-month,78.76,4566.12,Bank transfer,No,No,Yes,No
CUST102456,Male,1,Yes,No,57,DSL,Month-to-month,38.87,2285.89,Electronic check,Yes,No,No,No
CUST102457,Male,0,Yes,Yes,23,DSL,One year,85.6,1951.1,Bank transfer,No,No,Yes,No
CUST102458,Male,0,No,No,48,DSL,One year,119.79,5728.17,Electronic check,Yes,No,No internet,No
CUST102459,Male,0,No,No,22,Fiber optic,One year,83.86,1972.93,Mailed check,Yes,No,No,No
CUST102460,Male,0,Yes,No,17,Fiber optic,Month-to-month,74.32,1208.2,Electronic check,Yes,No,No,No
CUST102461,Female,0,No,Yes,69,Fiber optic,Month-to-month,37.56,2643.36,Electronic check,No,Yes,No internet,No
CUST102462,Male,0,No,No,11,Fiber optic,Two year,52.64,641.77,Credit card,No,Yes,Yes,No
CUST102463,Female,0,No,Yes,15,Fiber optic,One year,70.6,1248.71,Electronic check,No,Yes,No,No
CUST102464,Female,0,No,No,35,Fiber optic,Month-to-month,58.76,2189.06,Credit card,Yes,Yes,No internet,Yes
CUST102465,Male,0,No,No,33,No,One year,97.66,3266.7,Mailed check,Yes,No,No internet,No
CUST102466,Male,0,Yes,No,16,Fiber optic,Two year,85.34,1422.22,Electronic check,Yes,Yes,Yes,No
CUST102467,Male,0,Yes,No,34,Fiber optic,Month-to-month,139.31,4837.49,Bank transfer,Yes,Yes,No,Yes
CUST102468,Female,0,Yes,No,66,Fiber optic,Two year,47.48,3082.35,Bank transfer,Yes,No,Yes,No
CUST102469,Male,0,No,No,40,DSL,Two year,72.83,3054.11,Mailed check,No,No,No,No
CUST102470,Female,0,Yes,No,28,Fiber optic,Two year,37.41,1044.98,Electronic check,Yes,No,Yes,No
CUST102471,Male,0,Yes,No,47,Fiber optic,Two year,20.0,994.54,Electronic check,No,No internet,Yes,No
CUST102472,Male,0,Yes,Yes,39,Fiber optic,Month-to-month,90.07,3541.65,Credit card,Yes,Yes,Yes,Yes
CUST102473,Male,0,No,No,70,DSL,Month-to-month,84.42,5848.84,Mailed check,Yes,Yes,No,No
CUST102474,Female,0,No,Yes,20,No,Month-to-month,50.64,982.32,Electronic check,Yes,Yes,No,No
CUST102475,Female,0,Yes,Yes,1,No,Month-to-month,74.33,74.33,Credit card,Yes,No internet,No,No
CUST102476,Female,0,No,No,72,Fiber optic,Month-to-month,56.27,4068.98,Electronic check,No,No,No,No
CUST102477,Male,0,Yes,No,63,DSL,Month-to-month,59.64,3634.77,Electronic check,No,Yes,No,No
CUST102478,Male,0,No,No,67,DSL,Month-to-month,63.99,4208.21,Electronic check,No,Yes,Yes,No
CUST102479,Female,0,Yes,Yes,4,Fiber optic,Month-to-month,49.59,162.89,Bank transfer,No,No,No,No
CUST102480,Male,1,No,No,58,Fiber optic,Month-to-month,54.08,3124.02,Electronic check,Yes,Yes,Yes,Yes
CUST102481,Female,0,No,Yes,25,Fiber optic,Two year,54.79,1486.22,Mailed check,Yes,No,No,No
CUST102482,Male,1,Yes,No,47,DSL,Month-to-month,82.57,3960.39,Credit card,No,No internet,No,No
CUST102483,Female,1,Yes,Yes,38,Fiber optic,One year,20.0,750.62,Electronic check,Yes,No,Yes,No
CUST102484,Male,0,Yes,No,15,Fiber optic,Month-to-month,66.31,1139.8,Electronic check,Yes,No internet,No,No
CUST102485,Female,1,No,Yes,63,DSL,Month-to-month,44.81,2849.88,Mailed check,Yes,No,No,No
CUST102486,Male,0,No,No,21,DSL,Two year,45.71,1013.84,Bank transfer,Yes,No,No,No
CUST102487,Female,1,No,No,57,DSL,Month-to-month,58.86,3203.73,Credit card,No,No internet,No,No
CUST102488,Female,0,No,No,53,DSL,Month-to-month,71.64,3721.58,Mailed check,Yes,No,No,No
CUST102489,Female,0,Yes,No,46,DSL,Month-to-month,66.64,3149.25,Electronic check,Yes,No,No,No
CUST102490,Male,0,No,No,14,DSL,Month-to-month,45.4,687.98,Mailed check,Yes,No,No,No
CUST102491,Female,0,No,No,17,Fiber optic,Month-to-month,90.04,1674.3,Electronic check,Yes,No internet,Yes,No
CUST102492,Male,0,Yes,No,39,Fiber optic,Month-to-month,49.43,2065.17,Bank transfer,No,Yes,No,No
CUST102493,Female,0,No,No,9,No,Month-to-month,53.63,440.21,Electronic check,Yes,Yes,Yes,No
CUST102494,Female,1,Yes,No,6,No,Two year,79.11,566.75,Electronic check,Yes,No,Yes,Yes
CUST102495,Female,0,No,No,23,DSL,One year,80.01,1761.62,Bank transfer,Yes,No internet,No,No
CUST102496,Female,0,No,Yes,59,Fiber optic,Month-to-month,56.71,3218.85,Electronic check,Yes,No internet,No internet,No
CUST102497,Male,0,Yes,No,46,Fiber optic,Month-to-month,20.0,945.53,Bank transfer,Yes,Yes,Yes,No
CUST102498,Male,0,No,No,38,Fiber optic,Month-to-month,49.86,1955.91,Electronic check,No,Yes,Yes,No
CUST102499,Female,0,Yes,No,14,No,Month-to-month,76.05,1091.48,Credit card,Yes,No internet,Yes,No
CUST102500,Male,0,Yes,Yes,72,DSL,Month-to-month,89.22,6500.33,Electronic check,Yes,Yes,Yes,No
CUST102501,Male,1,Yes,No,62,No,Two year,70.02,4294.71,Credit card,No,Yes,No,No
CUST102502,Female,0,Yes,Yes,35,DSL,Month-to-month,60.03,2182.56,Electronic check,No,Yes,No internet,Yes
CUST102503,Male,0,Yes,No,19,Fiber optic,Two year,129.33,2415.68,Credit card,Yes,Yes,Yes,No
CUST102504,Male,0,No,Yes,30,Fiber optic,Month-to-month,62.69,2071.81,Electronic check,Yes,No,Yes,No
CUST102505,Male,0,No,No,25,Fiber optic,Two year,87.31,2251.23,Bank transfer,Yes,No,No internet,No
CUST102506,Male,0,Yes,Yes,40,DSL,One year,38.62,1670.99,Electronic check,Yes,No,Yes,No
CUST102507,Male,0,Yes,No,14,Fiber optic,One year,44.75,526.94,Mailed check,Yes,No internet,Yes,No
CUST102508,Female,0,No,No,26,DSL,Month-to-month,88.18,2259.02,Bank transfer,Yes,Yes,Yes,Yes
CUST102509,Male,0,No,No,22,DSL,Two year,98.11,2151.56,Bank transfer,Yes,Yes,Yes,No
CUST102510,Male,0,No,Yes,48,Fiber optic,Two year,62.26,2895.55,Bank transfer,No,No internet,Yes,No
CUST102511,Female,1,No,Yes,51,Fiber optic,One year,,1443.95,Electronic check,No,No,Yes,No
CUST102512,Female,0,No,Yes,3,Fiber optic,Month-to-month,67.81,207.97,Electronic check,Yes,Yes,No,No
CUST102513,Female,0,Yes,No,42,DSL,One year,76.74,3102.31,Bank transfer,Yes,Yes,No,No
CUST102514,Male,0,No,No,19,Fiber optic,Month-to-month,74.47,1375.2,Electronic check,Yes,Yes,No,No
CUST102515,Female,0,Yes,No,28,Fiber optic,One year,57.92,1531.9,Electronic check,Yes,No,No internet,No
CUST102516,Male,0,Yes,No,45,No,Two year,68.18,3127.71,Electronic check,Yes,Yes,No,No
CUST102517,Female,1,No,Yes,71,DSL,Month-to-month,53.26,3830.02,Electronic check,No,No,Yes,No
CUST102518,Female,0,No,No,63,DSL,Month-to-month,44.2,2836.41,Mailed check,Yes,Yes,No,No
CUST102519,Male,0,No,No,19,DSL,Month-to-month,90.89,1805.36,Bank transfer,Yes,No,No,Yes
CUST102520,Female,0,No,No,47,DSL,One year,74.44,3674.46,Credit card,Yes,No,No internet,No
CUST102521,Female,1,Yes,Yes,14,DSL,Month-to-month,68.23,1100.38,Mailed check,No,No,Yes,No
CUST102522,Female,0,No,No,38,Fiber optic,Month-to-month,59.32,2218.33,Credit card,No,Yes,No,Yes
CUST102523,Male,0,No,Yes,53,Fiber optic,Month-to-month,67.5,3747.85,Bank transfer,No,Yes,No,No
CUST102524,Female,0,No,No,61,DSL,One year,76.01,4620.59,Credit card,Yes,No,No,No
CUST102525,Male,0,Yes,Yes,36,DSL,Month-to-month,115.22,4156.31,Credit card,No,No,Yes,No
CUST102526,Male,0,No,No,40,DSL,One year,88.36,3540.09,Bank transfer,No,No,Yes,No
CUST102527,Female,0,Yes,No,30,No,Month-to-month,55.34,1713.38,Mailed check,Yes,No,No,No
CUST102528,Female,0,Yes,Yes,9,No,One year,55.61,351.15,Electronic check,Yes,Yes,No,No
CUST102529,Female,0,No,No,64,Fiber optic,Two year,51.71,3311.43,Electronic check,No,No,Yes,No
CUST102530,Female,0,Yes,No,33,Fiber optic,Month-to-month,66.99,2234.3,Credit card,No,Yes,No internet,Yes
CUST102531,Female,0,No,No,52,Fiber optic,Month-to-month,51.69,2553.1,Credit card,No,Yes,Yes,Yes
CUST102532,Female,1,No,No,14,DSL,Two year,83.87,1037.91,Bank transfer,Yes,No,Yes,No
CUST102533,Male,0,No,Yes,53,Fiber optic,Month-to-month,20.0,993.94,Credit card,No,No internet,No,No
CUST102534,Female,0,No,No,59,Fiber optic,Month-to-month,85.38,4978.18,Credit card,Yes,No,Yes,No
CUST102535,Female,0,No,Yes,41,Fiber optic,Two year,78.88,3237.51,Mailed check,Yes,No,Yes,No
CUST102536,Male,0,Yes,No,68,Fiber optic,Two year,103.57,7032.11,Bank transfer,No,No internet,No,No
CUST102537,Female,0,Yes,No,68,Fiber optic,One year,93.92,6480.48,Mailed check,No,Yes,Yes,No
CUST102538,Male,0,Yes,No,8,Fiber optic,Month-to-month,54.91,408.88,Mailed check,No,No internet,Yes,Yes
CUST102539,Male,0,No,Yes,2,DSL,Month-to-month,91.11,153.31,Electronic check,No,No,Yes,No
CUST102540,Male,1,Yes,Yes,41,Fiber optic,Month-to-month,67.8,2860.11,Mailed check,No,No,Yes,No
CUST102541,Female,0,No,No,55,Fiber optic,One year,23.64,1147.98,Bank transfer,Yes,No,No internet,No
CUST102542,Male,0,No,No,16,DSL,One year,75.97,1357.41,Mailed check,No,No,No internet,No
CUST102543,Female,0,No,Yes,62,DSL,Two year,56.39,3374.38,Credit card,No,No,Yes,No
CUST102544,Male,0,No,Yes,48,Fiber optic,Month-to-month,72.01,3538.15,Electronic check,Yes,Yes,Yes,No
CUST102545,Male,0,No,Yes,30,Fiber optic,One year,113.29,3466.23,Electronic check,Yes,No internet,Yes,No
CUST102546,Male,0,Yes,No,12,DSL,Month-to-month,77.62,1056.66,Credit card,Yes,Yes,No,Yes
CUST102547,Female,0,No,No,35,Fiber optic,Month-to-month,46.57,1572.8,Bank transfer,No,Yes,No,No
CUST102548,Female,0,No,No,11,Fiber optic,One year,96.11,1060.58,Electronic check,No,Yes,No internet,No
CUST102549,Male,0,No,No,64,Fiber optic,Month-to-month,81.06,5095.71,Mailed check,No,,Yes,Yes
CUST102550,Female,1,Yes,Yes,50,Fiber optic,One year,43.62,2176.1,Mailed check,Yes,Yes,Yes,No
CUST102551,Male,0,Yes,No,21,DSL,One year,31.84,660.45,Credit card,No,Yes,Yes,No
CUST102552,Male,0,Yes,Yes,69,No,Two year,47.57,3406.62,Bank transfer,No,No,No,Yes
CUST102553,Female,0,No,No,48,DSL,One year,92.91,4502.68,Electronic check,Yes,No,No,No
CUST102554,Male,0,Yes,No,20,DSL,Two year,64.46,1286.49,Mailed check,No,Yes,No,No
CUST102555,Male,0,No,No,67,Fiber optic,Month-to-month,74.03,4956.26,Credit card,Yes,Yes,No internet,Yes
CUST102556,Female,0,Yes,No,44,DSL,Month-to-month,38.54,1659.03,Bank transfer,No,No internet,No internet,No
CUST102557,Male,0,Yes,No,33,Fiber optic,Month-to-month,93.58,3069.01,Credit card,No,Yes,No,Yes
CUST102558,Male,1,No,No,61,Fiber optic,Month-to-month,21.62,1325.39,Electronic check,No,Yes,Yes,No
CUST102559,Female,0,Yes,Yes,9,DSL,One year,55.62,655.69,Credit card,Yes,Yes,Yes,No
CUST102560,Male,0,No,No,68,No,One year,82.46,5639.42,Bank transfer,Yes,Yes,Yes,Yes
CUST102561,Male,1,No,Yes,35,Fiber optic,Month-to-month,43.93,1454.72,Bank transfer,No,No,No,Yes
CUST102562,Female,1,Yes,Yes,65,DSL,Month-to-month,87.35,5886.39,Mailed check,Yes,No,No,No
CUST102563,Male,0,No,Yes,8,Fiber optic,Month-to-month,50.27,484.92,Credit card,Yes,No,No,Yes
CUST102564,Female,0,Yes,Yes,45,Fiber optic,One year,41.35,1938.51,Bank transfer,Yes,Yes,Yes,No
CUST102565,Female,0,No,No,47,Fiber optic,One year,104.16,4878.24,Credit card,Yes,No,No,No
CUST102566,Female,0,Yes,No,40,DSL,One year,75.85,3097.8,Mailed check,No,No,No,No
CUST102567,Female,0,Yes,Yes,54,DSL,Month-to-month,84.98,4613.26,Electronic check,No,Yes,Yes,No
CUST102568,Male,1,Yes,No,46,DSL,Month-to-month,97.46,4374.42,Electronic check,Yes,Yes,No,Yes
CUST102569,Female,1,No,No,47,Fiber optic,One year,20.0,976.29,Mailed check,No,Yes,No internet,No
CUST102570,Male,0,No,Yes,15,Fiber optic,One year,87.87,1217.65,Mailed check,Yes,No,No,No
CUST102571,Male,0,Yes,No,19,DSL,Month-to-month,52.97,1030.27,Mailed check,Yes,Yes,Yes,No
CUST102572,Female,0,Yes,Yes,26,Fiber optic,One year,56.27,1494.33,Bank transfer,No,No,Yes,No
CUST102573,Female,0,No,No,52,Fiber optic,Month-to-month,82.94,4239.89,Credit card,Yes,Yes,Yes,No
CUST102574,Female,0,No,Yes,22,No,One year,62.92,1393.65,Electronic check,Yes,Yes,No,No
CUST102575,Male,0,Yes,Yes,21,DSL,Two year,86.86,1871.62,Electronic check,No,Yes,No,No
CUST102576,Male,0,Yes,No,51,Fiber optic,One year,70.98,3578.97,Credit card,Yes,Yes,No,No
CUST102577,Male,1,Yes,No,38,Fiber optic,Month-to-month,76.21,2932.55,Bank transfer,Yes,Yes,No,Yes
CUST102578,Female,0,Yes,No,20,Fiber optic,Month-to-month,59.74,1296.58,Bank transfer,Yes,No,No internet,No
CUST102579,Male,0,No,No,29,DSL,One year,45.38,1383.39,Mailed check,No,No,No,No
CUST102580,Female,1,Yes,Yes,51,DSL,One year,53.49,2703.2,Bank transfer,Yes,No,No,No
CUST102581,Female,0,Yes,No,4,DSL,One year,69.43,393.98,Electronic check,Yes,No,No,Yes
CUST102582,Male,0,No,No,55,Fiber optic,One year,117.93,6546.38,Bank transfer,No,No,No,No
CUST102583,Female,0,No,No,71,Fiber optic,Month-to-month,108.8,7711.27,Credit card,No,No,No internet,No
CUST102584,Male,0,No,No,28,No,Two year,55.67,1509.42,Bank transfer,Yes,No internet,No,No
CUST102585,Male,0,Yes,No,4,No,One year,73.51,343.54,Electronic check,Yes,Yes,Yes,No
CUST102586,Male,1,Yes,Yes,22,DSL,Month-to-month,64.81,1512.65,Credit card,Yes,Yes,No,Yes
CUST102587,Male,0,Yes,No,45,Fiber optic,One year,75.26,3477.43,Mailed check,Yes,No,No,Yes
CUST102588,Female,0,Yes,No,67,DSL,Month-to-month,78.47,5306.79,Electronic check,No,No,No internet,Yes
CUST102589,Male,0,No,No,66,No,Month-to-month,85.19,5595.26,Credit card,Yes,No,No,No
CUST102590,Female,0,Yes,Yes,34,DSL,Month-to-month,20.0,725.45,Electronic check,Yes,Yes,No,No
CUST102591,Male,1,Yes,No,55,DSL,One year,81.16,4394.93,Credit card,No,No,Yes,No
CUST102592,Male,0,No,No,1,Fiber optic,Two year,62.03,85.23,Mailed check,Yes,No internet,No,No
CUST102593,Female,1,Yes,No,72,Fiber optic,One year,54.38,4059.22,Bank transfer,No,Yes,No,Yes
CUST102594,Male,1,No,Yes,38,Fiber optic,Month-to-month,91.86,3410.08,Bank transfer,Yes,No internet,Yes,No
CUST102595,Male,0,No,No,6,No,Month-to-month,108.67,607.74,Electronic check,Yes,No,Yes,Yes
CUST102596,Male,0,No,No,25,DSL,Month-to-month,89.23,2306.49,Bank transfer,No,Yes,No,Yes
CUST102597,Female,0,Yes,No,17,DSL,Month-to-month,59.04,933.57,Credit card,Yes,No,No,Yes
CUST102598,Male,0,Yes,Yes,61,Fiber optic,One year,45.1,2873.88,Bank transfer,Yes,No,No,No
CUST102599,Male,0,Yes,No,12,No,Two year,20.0,318.09,Bank transfer,No,No,No internet,No
CUST102600,Male,0,Yes,Yes,6,DSL,Month-to-month,76.56,540.79,Credit card,Yes,No,No,Yes
CUST102601,Female,0,No,No,27,Fiber optic,One year,86.48,2425.99,Electronic check,Yes,No,Yes,No
CUST102602,Female,0,No,No,8,No,Two year,69.45,452.21,Electronic check,No,Yes,No,No
CUST102603,Female,0,No,Yes,65,Fiber optic,Month-to-month,95.34,6110.57,Electronic check,Yes,Yes,No,Yes
CUST102604,Female,0,No,No,57,Fiber optic,One year,39.0,2328.61,Bank transfer,No,Yes,Yes,No
CUST102605,Male,0,Yes,No,40,Fiber optic,One year,67.72,2684.25,Credit card,No,No internet,No,No
CUST102606,Female,0,Yes,No,14,No,One year,65.74,914.58,Bank transfer,Yes,Yes,Yes,No
CUST102607,Female,0,No,No,35,No,Month-to-month,69.25,2480.38,Credit card,No,No internet,No,No
CUST102608,Female,0,No,Yes,48,Fiber optic,One year,101.2,4869.7,Bank transfer,No,Yes,No,No
CUST102609,Female,0,Yes,Yes,56,DSL,One year,69.38,3971.73,Mailed check,Yes,Yes,No internet,No
CUST102610,Male,0,Yes,Yes,49,DSL,Month-to-month,64.63,3213.15,Electronic check,No,Yes,No,No
CUST102611,Male,0,Yes,Yes,13,DSL,Month-to-month,48.58,615.72,Credit card,Yes,Yes,Yes,Yes
CUST102612,Female,0,No,Yes,61,Fiber optic,Month-to-month,105.21,,Electronic check,Yes,No internet,Yes,No
CUST102613,Female,0,No,Yes,49,DSL,Two year,36.22,1795.45,Bank transfer,Yes,No,No,No
CUST102614,Female,0,No,No,46,DSL,Month-to-month,58.18,2707.48,Electronic check,Yes,No internet,Yes,No
CUST102615,Female,0,Yes,No,62,Fiber optic,Two year,114.35,7154.08,Electronic check,Yes,No,No,No
CUST102616,Male,0,No,Yes,8,Fiber optic,Month-to-month,83.71,682.92,Bank transfer,Yes,No,No,Yes
CUST102617,Male,0,No,No,43,DSL,Month-to-month,71.5,3067.73,Electronic check,No,No,No,No
CUST102618,Female,0,Yes,Yes,20,Fiber optic,Month-to-month,72.54,1436.4,Credit card,Yes,No,No internet,No
CUST102619,Female,0,No,No,39,No,Month-to-month,48.34,1850.69,Mailed check,Yes,No,No,No
CUST102620,Female,0,Yes,No,49,Fiber optic,Month-to-month,70.29,3572.6,Bank transfer,Yes,Yes,No,No
CUST102621,Female,0,No,No,64,No,One year,63.25,3978.14,Bank transfer,No,No,Yes,No
CUST102622,Female,0,No,No,62,Fiber optic,Month-to-month,76.49,4641.54,Bank transfer,Yes,No,No,Yes
CUST102623,Female,0,Yes,Yes,54,Fiber optic,Month-to-month,34.34,1925.67,Credit card,No,Yes,No internet,Yes
CUST102624,Female,0,No,No,9,Fiber optic,Month-to-month,81.95,776.06,Electronic check,No,No,No internet,Yes
CUST102625,Male,1,No,No,37,DSL,One year,97.42,3769.69,Electronic check,Yes,No internet,No internet,No
CUST102626,Male,0,No,No,49,DSL,One year,66.9,3271.43,Electronic check,Yes,No,No internet,No
CUST102627,Male,0,Yes,No,41,Fiber optic,One year,88.18,3613.06,Credit card,Yes,No,No,No
CUST102628,Female,0,Yes,No,17,Fiber optic,Two year,79.76,1290.03,Credit card,Yes,Yes,No,No
CUST102629,Male,1,Yes,Yes,21,DSL,Month-to-month,56.81,1201.07,Electronic check,Yes,No,Yes,No
CUST102630,Female,0,Yes,Yes,51,Fiber optic,Month-to-month,45.54,2183.84,Bank transfer,Yes,No,No,No
CUST102631,Female,1,Yes,No,59,DSL,Month-to-month,49.04,2742.34,Electronic check,Yes,No internet,No,No
CUST102632,Female,0,No,Yes,39,Fiber optic,Month-to-month,79.32,3050.01,Electronic check,Yes,No internet,No,Yes
CUST102633,Male,0,Yes,Yes,55,DSL,One year,70.6,3888.31,Bank transfer,Yes,No internet,No,No
CUST102634,Male,0,No,No,41,DSL,Month-to-month,103.88,4212.12,Electronic check,No,Yes,No internet,Yes
CUST102635,Female,0,Yes,No,39,No,Month-to-month,91.77,3532.75,Mailed check,Yes,Yes,No,No
CUST102636,Male,1,Yes,No,13,DSL,Month-to-month,91.72,1071.7,Bank transfer,Yes,No internet,Yes,No
CUST102637,Male,0,Yes,No,64,Fiber optic,Two year,78.58,5079.64,Bank transfer,No,No,Yes,No
CUST102638,Male,0,No,No,11,Fiber optic,Two year,47.95,470.44,Mailed check,Yes,No internet,No,No
CUST102639,Male,0,Yes,No,19,DSL,Month-to-month,80.13,1655.23,Bank transfer,Yes,No,No,No
CUST102640,Female,0,No,No,11,DSL,Month-to-month,73.6,804.06,Mailed check,Yes,No,Yes,Yes
CUST102641,Female,0,No,Yes,46,No,Two year,43.54,1918.73,Electronic check,No,Yes,No,No
CUST102642,Male,0,Yes,Yes,45,DSL,Two year,102.25,4416.79,Bank transfer,Yes,No,Yes,No
CUST102643,Male,0,No,No,1,DSL,Month-to-month,99.56,99.56,Electronic check,Yes,No,No internet,Yes
CUST102644,Male,0,No,Yes,40,Fiber optic,Month-to-month,43.4,1730.93,Electronic check,Yes,Yes,Yes,No
CUST102645,Female,1,Yes,Yes,19,Fiber optic,Two year,56.06,875.03,Mailed check,Yes,Yes,No,No
CUST102646,Male,0,Yes,No,72,Fiber optic,One year,58.25,4130.6,Credit card,Yes,No,No,No
CUST102647,Female,0,Yes,No,72,Fiber optic,Month-to-month,87.25,6239.43,Electronic check,No,No,No internet,No
CUST102648,Male,0,Yes,No,61,DSL,One year,84.37,5087.35,Electronic check,Yes,Yes,No,No
CUST102649,Male,0,No,No,12,Fiber optic,Two year,73.11,830.56,Electronic check,Yes,Yes,Yes,No
CUST102650,Female,0,No,No,61,Fiber optic,Two year,78.85,4772.62,Mailed check,Yes,Yes,No,No
CUST102651,Female,1,No,No,33,Fiber optic,One year,39.81,1250.92,Bank transfer,No,Yes,No,No
CUST102652,Female,0,No,No,45,Fiber optic,One year,81.53,3786.44,Electronic check,No,No internet,Yes,No
CUST102653,Female,0,Yes,No,69,Fiber optic,Month-to-month,69.48,4744.78,Credit card,No,No,No,No
CUST102654,Male,0,No,Yes,8,DSL,Two year,55.02,229.91,Bank transfer,No,No,No,No
CUST102655,Female,0,No,Yes,25,Fiber optic,Month-to-month,33.69,711.35,Bank transfer,No,No,No,No
CUST102656,Female,0,Yes,Yes,46,DSL,Two year,72.67,3390.97,Mailed check,No,No,No internet,No
CUST102657,Female,0,No,Yes,30,DSL,Month-to-month,80.92,2463.64,Mailed check,Yes,No,No,Yes
CUST102658,Male,0,No,Yes,47,No,Two year,29.44,1341.67,Mailed check,Yes,No internet,No,No
CUST102659,Female,0,Yes,No,49,Fiber optic,Month-to-month,72.46,3437.63,Mailed check,No,No,Yes,No
CUST102660,Male,0,No,Yes,47,Fiber optic,Month-to-month,75.06,3584.74,Electronic check,No,No,No,No
CUST102661,Male,0,Yes,Yes,18,Fiber optic,Month-to-month,58.14,919.55,Bank transfer,Yes,No,No,No
CUST102662,Female,0,Yes,No,66,Fiber optic,One year,81.5,5408.89,Mailed check,Yes,No internet,No,No
CUST102663,Male,0,Yes,No,68,No,Two year,68.68,4635.91,Electronic check,No,Yes,No,Yes
CUST102664,Female,1,No,No,33,DSL,One year,79.08,2649.61,Electronic check,Yes,Yes,No,No
CUST102665,Male,0,No,No,36,DSL,Month-to-month,85.36,3032.44,Electronic check,No,No internet,No,No
CUST102666,Male,0,Yes,No,19,Fiber optic,Month-to-month,85.37,1738.85,Credit card,No,No internet,No,Yes
CUST102667,Female,0,No,No,28,DSL,Two year,97.42,2580.17,Electronic check,No,No,No,No
CUST102668,Female,0,No,Yes,40,Fiber optic,One year,80.46,3264.42,Credit card,Yes,No,Yes,Yes
CUST102669,Male,0,No,No,15,DSL,One year,60.07,873.36,Bank transfer,Yes,Yes,No,No
CUST102670,Female,1,Yes,No,41,DSL,One year,55.81,2231.9,Credit card,Yes,No,No,Yes
CUST102671,Female,1,Yes,No,39,Fiber optic,One year,45.42,1871.79,Mailed check,No,No internet,No,No
CUST102672,Male,0,Yes,Yes,2,Fiber optic,Month-to-month,75.78,75.78,Credit card,No,Yes,No,No
CUST102673,Male,1,Yes,Yes,63,DSL,One year,105.03,6635.62,Electronic check,Yes,No,Yes,No
CUST102674,Male,0,No,No,29,Fiber optic,One year,63.04,1837.92,Bank transfer,No,No internet,Yes,No
CUST102675,Female,0,Yes,No,66,Fiber optic,Two year,83.24,5395.41,Electronic check,No,Yes,No,No
CUST102676,Male,0,No,No,51,Fiber optic,Two year,53.19,2778.73,Mailed check,No,No,No,No
CUST102677,Female,0,Yes,Yes,10,Fiber optic,Month-to-month,76.87,930.38,Bank transfer,Yes,No,Yes,Yes
CUST102678,Male,0,Yes,Yes,14,DSL,Month-to-month,103.48,1578.3,Bank transfer,Yes,No,No,No
CUST102679,Female,1,Yes,Yes,51,DSL,Month-to-month,89.16,4578.93,Mailed check,Yes,No internet,Yes,No
CUST102680,Female,0,Yes,No,39,DSL,Month-to-month,32.73,1258.23,Electronic check,Yes,No,Yes,No
CUST102681,Male,0,Yes,No,28,Fiber optic,One year,86.27,2480.86,Bank transfer,No,No,Yes,No
CUST102682,Male,0,Yes,No,3,DSL,Two year,87.41,339.67,Mailed check,Yes,No internet,Yes,No
CUST102683,Female,0,Yes,Yes,70,No,Month-to-month,76.34,5351.08,Electronic check,No,No internet,Yes,No
CUST102684,Male,1,Yes,No,27,Fiber optic,Month-to-month,88.69,2203.45,Credit card,No,No,No,No
CUST102685,Male,0,Yes,Yes,2,Fiber optic,Two year,51.16,51.16,Credit card,Yes,No,No,No
CUST102686,Female,0,Yes,Yes,38,No,Two year,73.58,2832.81,Credit card,No,Yes,No,No
CUST102687,Female,1,Yes,Yes,3,Fiber optic,Month-to-month,99.75,325.23,Credit card,Yes,Yes,No,No
CUST102688,Male,0,No,No,16,Fiber optic,One year,97.5,1523.04,Electronic check,No,No,Yes,No
CUST102689,Male,0,No,No,40,Fiber optic,Month-to-month,85.7,3449.96,Credit card,Yes,Yes,No,Yes
CUST102690,Male,0,No,Yes,2,Fiber optic,Month-to-month,49.93,49.93,Mailed check,No,No,No,Yes
CUST102691,Male,0,No,Yes,41,Fiber optic,Month-to-month,45.99,1871.26,Electronic check,Yes,No,No internet,Yes
CUST102692,Male,0,No,No,12,Fiber optic,Month-to-month,74.86,871.44,Credit card,No,No internet,No internet,No
CUST102693,Female,0,Yes,Yes,35,DSL,Month-to-month,76.52,2521.08,Electronic check,No,No,No,No
CUST102694,Male,0,No,No,65,Fiber optic,Two year,69.49,4523.83,Mailed check,Yes,Yes,No,No
CUST102695,Female,0,Yes,No,55,DSL,One year,51.88,2731.36,Electronic check,Yes,No,No internet,Yes
CUST102696,Male,0,No,No,45,Fiber optic,Month-to-month,82.92,3801.47,Mailed check,Yes,No,Yes,Yes
CUST102697,Male,0,Yes,Yes,62,No,Month-to-month,74.75,4661.28,Bank transfer,Yes,Yes,No,Yes
CUST102698,Male,0,No,No,49,No,Month-to-month,,3829.79,Mailed check,No,Yes,No,Yes
CUST102699,Female,1,Yes,No,25,DSL,One year,86.84,2089.58,Electronic check,Yes,No internet,Yes,No
CUST102700,Male,0,Yes,No,23,No,Two year,65.16,1387.34,Mailed check,No,Yes,Yes,No
CUST102701,Female,0,Yes,No,24,DSL,Month-to-month,59.78,1396.64,Mailed check,No,No internet,No,Yes
CUST102702,Female,0,No,Yes,38,No,Month-to-month,99.69,3850.03,Electronic check,Yes,No internet,Yes,No
CUST102703,Male,0,No,No,28,Fiber optic,One year,53.07,1458.88,Credit card,Yes,No,Yes,No
CUST102704,Male,0,No,Yes,21,Fiber optic,One year,60.27,1251.91,Mailed check,No,No,Yes,No
CUST102705,Male,1,No,Yes,54,DSL,Month-to-month,102.86,5466.02,Credit card,Yes,No,No,No
CUST102706,Male,0,No,Yes,18,Fiber optic,One year,58.32,1009.35,Electronic check,Yes,No internet,Yes,No
CUST102707,Female,0,Yes,Yes,36,DSL,One year,69.53,2485.02,Electronic check,Yes,No,No,No
CUST102708,Female,0,Yes,No,45,No,Month-to-month,61.7,2786.43,Electronic check,No,Yes,No,No
CUST102709,Male,0,Yes,No,53,Fiber optic,Month-to-month,27.42,1439.18,Mailed check,Yes,No,No,No
CUST102710,Female,0,Yes,No,30,DSL,Month-to-month,68.92,2103.5,Electronic check,Yes,No,Yes,No
CUST102711,Male,0,No,No,60,Fiber optic,Two year,46.73,2856.2,Mailed check,Yes,Yes,Yes,No
CUST102712,Female,0,No,No,32,Fiber optic,Two year,78.36,2629.8,Mailed check,Yes,No internet,No,No
CUST102713,Male,0,Yes,No,67,DSL,Two year,99.64,6693.47,Electronic check,Yes,No,No,No
CUST102714,Male,0,No,Yes,67,Fiber optic,One year,20.0,1373.67,Bank transfer,No,No,Yes,No
CUST102715,Female,0,Yes,Yes,28,DSL,One year,61.83,1689.43,Credit card,Yes,Yes,No,Yes
CUST102716,Female,1,Yes,No,44,DSL,One year,83.31,3788.74,Electronic check,No,No,No,Yes
CUST102717,Female,0,Yes,No,41,Fiber optic,Two year,20.0,782.37,Bank transfer,Yes,No,No internet,No
CUST102718,Male,1,Yes,No,63,DSL,Month-to-month,105.41,6688.99,Bank transfer,Yes,No,No,No
CUST102719,Female,0,Yes,No,23,DSL,Month-to-month,81.5,1835.07,Mailed check,Yes,No,No,No
CUST102720,Male,0,Yes,Yes,48,Fiber optic,One year,99.08,4744.28,Credit card,No,No,No,No
CUST102721,Male,0,Yes,No,32,Fiber optic,One year,57.9,1854.4,Credit card,No,Yes,Yes,No
CUST102722,Male,0,Yes,No,57,No,Month-to-month,60.92,3316.16,Mailed check,Yes,No,Yes,No
CUST102723,Male,0,No,No,33,DSL,One year,67.98,2259.21,Bank transfer,Yes,Yes,Yes,No
CUST102724,Female,0,Yes,No,24,Fiber optic,One year,125.46,3004.62,Bank transfer,No,Yes,No,No
CUST102725,Male,1,No,No,39,Fiber optic,Month-to-month,104.95,4039.14,Mailed check,Yes,Yes,No,Yes
CUST102726,Male,0,Yes,No,34,DSL,One year,75.31,2480.17,Electronic check,Yes,No internet,Yes,No
CUST102727,Male,0,No,No,56,DSL,Month-to-month,78.36,4336.9,Credit card,Yes,No internet,Yes,No
CUST102728,Female,0,No,No,28,Fiber optic,Two year,87.87,2375.35,Credit card,Yes,Yes,Yes,No
CUST102729,Female,1,No,No,37,DSL,Month-to-month,131.79,4836.2,Electronic check,Yes,Yes,Yes,Yes
CUST102730,Female,0,No,No,7,Fiber optic,One year,81.57,517.43,Electronic check,Yes,Yes,Yes,Yes
CUST102731,Male,1,No,Yes,68,DSL,Month-to-month,73.15,4946.33,Credit card,Yes,No,Yes,No
CUST102732,Female,0,No,No,37,Fiber optic,Month-to-month,63.54,2411.9,Electronic check,Yes,No,Yes,Yes
CUST102733,Female,0,Yes,No,56,Fiber optic,One year,77.87,4287.99,Bank transfer,No,No,No,No
CUST102734,Male,1,Yes,No,65,Fiber optic,Month-to-month,57.32,3679.12,Electronic check,Yes,No,No,Yes
CUST102735,Male,0,Yes,No,65,No,Month-to-month,84.4,5495.33,Electronic check,Yes,No,Yes,No
CUST102736,Female,1,Yes,No,47,DSL,Month-to-month,36.19,1622.51,Electronic check,Yes,Yes,Yes,No
CUST102737,Female,0,Yes,No,20,DSL,Two year,65.49,1370.77,Mailed check,No,Yes,No internet,Yes
CUST102738,Male,0,Yes,No,19,DSL,One year,90.37,1639.84,Electronic check,Yes,Yes,Yes,No
CUST102739,Female,1,Yes,No,29,Fiber optic,Month-to-month,81.23,2366.42,Bank transfer,No,No,Yes,No
CUST102740,Male,0,Yes,No,60,No,One year,60.43,3710.76,Bank transfer,Yes,No internet,Yes,No
CUST102741,Male,0,Yes,No,18,Fiber optic,Two year,66.2,,Mailed check,No,Yes,No,No
CUST102742,Male,0,No,Yes,35,DSL,One year,97.88,3361.83,Bank transfer,Yes,Yes,Yes,Yes
CUST102743,Male,0,No,No,43,Fiber optic,Month-to-month,41.74,1758.75,Mailed check,Yes,No internet,No internet,No
CUST102744,Female,0,Yes,No,11,Fiber optic,One year,41.89,462.32,Mailed check,No,Yes,Yes,No
CUST102745,Male,0,No,No,49,DSL,Month-to-month,48.76,2378.82,Mailed check,Yes,Yes,Yes,Yes
CUST102746,Male,0,No,No,38,DSL,Month-to-month,71.73,2724.37,Mailed check,No,No internet,No,No
CUST102747,Female,0,No,Yes,64,DSL,Month-to-month,38.08,2477.62,Credit card,Yes,No,Yes,No
CUST102748,Female,0,Yes,No,69,DSL,One year,95.83,6597.29,Bank transfer,Yes,No,No,No
CUST102749,Female,0,Yes,Yes,8,Fiber optic,Month-to-month,48.89,273.88,Electronic check,No,No,No,Yes
CUST102750,Male,0,No,No,34,No,Two year,77.61,2740.62,Bank transfer,No,No,Yes,No
CUST102751,Male,1,No,No,48,Fiber optic,Month-to-month,57.52,2795.47,Electronic check,No,Yes,No,Yes
CUST102752,Male,1,No,No,56,DSL,Month-to-month,70.36,3838.26,Electronic check,Yes,No,No,Yes
CUST102753,Female,0,Yes,Yes,65,DSL,Month-to-month,31.92,2060.06,Mailed check,No,No,Yes,No
CUST102754,Female,0,No,No,31,Fiber optic,Month-to-month,97.03,3070.76,Bank transfer,Yes,No internet,No,Yes
CUST102755,Male,0,No,No,4,Fiber optic,Month-to-month,47.96,119.16,Mailed check,Yes,No internet,Yes,No
CUST102756,Male,0,No,No,50,Fiber optic,Month-to-month,45.34,2340.95,Credit card,Yes,No,No,Yes
CUST102757,Male,0,No,No,69,Fiber optic,Month-to-month,131.48,8994.65,Mailed check,No,No,No,No
CUST102758,Female,0,No,Yes,30,Fiber optic,Month-to-month,85.86,2610.18,Mailed check,Yes,Yes,No internet,No
CUST102759,Female,0,Yes,No,59,Fiber optic,Month-to-month,96.06,5462.61,Credit card,No,Yes,No,Yes
CUST102760,Male,1,No,No,67,Fiber optic,Month-to-month,83.47,5667.95,Mailed check,Yes,No,No,Yes
CUST102761,Female,0,Yes,No,45,DSL,One year,60.69,2580.12,Credit card,Yes,No,Yes,No
CUST102762,Female,1,No,No,4,DSL,One year,39.33,252.61,Credit card,No,No,Yes,No
CUST102763,Female,0,No,No,26,Fiber optic,One year,64.53,1584.52,Credit card,Yes,No,No internet,No
CUST102764,Female,0,No,No,27,Fiber optic,Month-to-month,47.55,1434.53,Electronic check,Yes,No,Yes,No
CUST102765,Male,0,Yes,No,46,Fiber optic,One year,49.05,2264.53,Electronic check,Yes,No,No,No
CUST102766,Male,0,Yes,No,64,DSL,Two year,32.42,2156.22,Bank transfer,Yes,No,Yes,No
CUST102767,Female,0,Yes,Yes,51,DSL,Month-to-month,74.86,3802.95,Bank transfer,Yes,Yes,Yes,No
CUST102768,Female,1,No,No,50,DSL,Month-to-month,111.34,5445.24,Bank transfer,Yes,No,No,Yes
CUST102769,Male,1,No,No,6,DSL,Month-to-month,85.95,440.9,Electronic check,No,No internet,No,Yes
CUST102770,Female,0,No,No,59,DSL,Month-to-month,69.36,4129.52,Electronic check,Yes,Yes,No,No
CUST102771,Female,0,No,No,15,DSL,Month-to-month,70.99,1296.88,Mailed check,Yes,No,No internet,No
CUST102772,Male,0,No,No,30,Fiber optic,One year,20.0,715.38,Electronic check,Yes,No internet,No,No
CUST102773,Female,0,No,Yes,42,DSL,Month-to-month,61.4,2585.85,Electronic check,Yes,No,No,No
CUST102774,Male,1,No,No,37,No,Two year,36.33,1419.79,Electronic check,Yes,No,No,No
CUST102775,Female,1,Yes,No,42,DSL,Month-to-month,75.36,3182.5,Electronic check,No,Yes,No,Yes
CUST102776,Female,0,Yes,No,35,DSL,Month-to-month,65.5,2273.94,Bank transfer,No,No,No internet,No
CUST102777,Female,0,No,No,6,Fiber optic,Two year,50.27,306.24,Bank transfer,No,No,No,No
CUST102778,Female,1,No,No,68,No,Two year,74.8,5040.91,Electronic check,No,Yes,Yes,No
CUST102779,Female,0,Yes,Yes,18,Fiber optic,Month-to-month,74.58,1348.05,Electronic check,No,No,No,No
CUST102780,Female,0,No,Yes,29,Fiber optic,One year,109.97,3217.86,Bank transfer,No,Yes,No,No
CUST102781,Female,0,Yes,No,59,Fiber optic,Two year,89.16,5255.07,Electronic check,No,No,Yes,No
CUST102782,Female,0,Yes,No,47,No,Month-to-month,77.42,3600.46,Credit card,No,No internet,No,No
CUST102783,Male,0,Yes,No,17,No,Month-to-month,48.31,778.65,Credit card,Yes,No,No internet,No
CUST102784,Male,0,No,No,22,No,Two year,45.16,971.19,Credit card,Yes,No,Yes,No
CUST102785,Male,0,Yes,No,68,DSL,Month-to-month,86.97,5922.59,Bank transfer,Yes,No,No,No
CUST102786,Male,0,Yes,No,69,Fiber optic,Month-to-month,67.0,4583.78,Mailed check,Yes,Yes,No internet,No
CUST102787,Female,0,No,Yes,37,No,Month-to-month,78.23,2936.3,Bank transfer,No,No internet,No internet,No
CUST102788,Male,0,Yes,No,49,No,Month-to-month,96.45,4595.1,Electronic check,Yes,Yes,Yes,No
CUST102789,Male,1,No,No,13,DSL,Two year,34.17,460.66,Electronic check,Yes,Yes,No,No
CUST102790,Female,0,Yes,No,34,Fiber optic,Month-to-month,106.93,3713.18,Electronic check,Yes,No,No,No
CUST102791,Female,1,No,Yes,53,DSL,Two year,96.23,5241.48,Mailed check,No,No,No internet,No
CUST102792,Female,1,No,No,51,No,Month-to-month,20.64,1046.34,Electronic check,Yes,No,No,No
CUST102793,Female,0,Yes,No,3,No,Month-to-month,130.83,444.18,Electronic check,No,Yes,No,Yes
CUST102794,Female,1,No,No,42,No,Month-to-month,80.03,3377.68,Bank transfer,No,No,No,No
CUST102795,Male,1,No,Yes,32,No,One year,60.04,2002.46,Credit card,Yes,No,No internet,No
CUST102796,Female,0,No,No,51,No,Two year,84.98,4314.29,Electronic check,No,Yes,No,No
CUST102797,Female,0,No,No,46,DSL,Month-to-month,47.56,2226.95,Bank transfer,No,No,No,No
CUST102798,Female,0,Yes,Yes,21,DSL,Month-to-month,85.65,1624.87,Electronic check,Yes,Yes,No,Yes
CUST102799,Male,0,No,No,44,Fiber optic,One year,52.16,2373.68,Credit card,Yes,No,No,No
CUST102800,Female,0,No,No,11,DSL,One year,122.51,1357.22,Electronic check,Yes,No,No,No
CUST102801,Female,0,No,No,68,DSL,Month-to-month,73.5,4941.82,Credit card,Yes,No,No,No
CUST102802,Male,0,No,No,1,No,One year,88.25,109.74,Electronic check,No,Yes,Yes,Yes
CUST102803,Male,0,Yes,No,63,DSL,One year,52.35,3410.54,Credit card,Yes,Yes,No,Yes
CUST102804,Female,0,No,Yes,24,Fiber optic,Month-to-month,92.41,2140.62,Electronic check,No,Yes,No internet,No
CUST102805,Male,1,Yes,No,13,Fiber optic,Month-to-month,71.69,859.82,Electronic check,Yes,Yes,No internet,Yes
CUST102806,Male,0,No,Yes,11,DSL,Month-to-month,36.7,272.79,Electronic check,No,Yes,No,No
CUST102807,Female,0,No,Yes,51,DSL,One year,,3295.49,Electronic check,Yes,Yes,No,Yes
CUST102808,Male,0,Yes,Yes,17,Fiber optic,One year,120.28,1967.86,Credit card,No,Yes,No,No
CUST102809,Male,0,No,No,24,Fiber optic,Month-to-month,93.47,2226.96,Bank transfer,Yes,No,Yes,Yes
CUST102810,Female,0,No,No,19,Fiber optic,Month-to-month,62.53,1191.37,Mailed check,Yes,No,No,Yes
CUST102811,Male,0,No,Yes,37,Fiber optic,Month-to-month,25.27,822.22,Credit card,Yes,Yes,No,No
CUST102812,Male,0,No,Yes,8,Fiber optic,Two year,51.19,434.43,Mailed check,Yes,No,Yes,No
CUST102813,Female,1,Yes,Yes,28,Fiber optic,Month-to-month,36.84,1051.29,Credit card,Yes,Yes,No,No
CUST102814,Female,0,Yes,No,5,Fiber optic,Month-to-month,25.87,147.33,Electronic check,Yes,No,Yes,No
CUST102815,Male,1,No,No,17,Fiber optic,Month-to-month,91.64,1487.53,Credit card,Yes,No,No,Yes
CUST102816,Male,0,Yes,Yes,36,Fiber optic,Month-to-month,73.56,2801.77,Electronic check,No,Yes,No,No
CUST102817,Male,0,Yes,Yes,19,No,Month-to-month,116.88,2271.07,Bank transfer,No,Yes,No,Yes
CUST102818,Male,0,Yes,No,64,Fiber optic,Month-to-month,47.06,2904.42,Mailed check,No,Yes,No,No
CUST102819,Male,0,No,No,11,Fiber optic,Month-to-month,71.94,663.61,Mailed check,No,No,No,No
CUST102820,Female,0,No,No,54,Fiber optic,One year,37.15,1941.23,Bank transfer,No,No internet,No,No
CUST102821,Male,0,No,No,45,Fiber optic,Month-to-month,57.13,2577.87,Mailed check,Yes,Yes,Yes,No
CUST102822,Male,0,No,Yes,47,Fiber optic,Month-to-month,66.45,3238.61,Credit card,Yes,No,No,No
CUST102823,Female,0,No,No,12,Fiber optic,One year,62.63,697.27,Credit card,Yes,Yes,No,No
CUST102824,Female,0,No,No,21,DSL,Month-to-month,73.34,1416.07,Credit card,Yes,Yes,No,Yes
CUST102825,Male,0,No,Yes,11,DSL,One year,96.29,1082.14,Credit card,Yes,Yes,Yes,No
CUST102826,Male,1,Yes,No,5,DSL,Month-to-month,93.66,430.57,Credit card,Yes,No internet,No,Yes
CUST102827,Female,0,No,Yes,56,DSL,Month-to-month,52.77,2963.73,Credit card,Yes,No,No,Yes
CUST102828,Male,0,No,Yes,20,Fiber optic,Month-to-month,71.24,1411.56,Credit card,Yes,No internet,No,No
CUST102829,Female,0,No,Yes,41,No,Month-to-month,91.85,3744.08,Mailed check,No,No,Yes,No
CUST102830,Female,0,No,No,46,Fiber optic,Two year,97.89,4584.86,Credit card,Yes,Yes,Yes,No
CUST102831,Female,0,Yes,No,12,DSL,Month-to-month,55.47,712.65,Credit card,Yes,No,Yes,No
CUST102832,Female,1,Yes,No,70,Fiber optic,Month-to-month,89.7,6296.06,Bank transfer,Yes,No internet,No internet,No
CUST102833,Male,0,Yes,No,17,No,Month-to-month,80.28,1192.33,Mailed check,Yes,No,No internet,Yes
CUST102834,Female,0,Yes,No,19,DSL,Month-to-month,45.35,841.29,Electronic check,Yes,No,No internet,Yes
CUST102835,Male,0,Yes,No,26,Fiber optic,Month-to-month,92.0,2461.01,Credit card,Yes,Yes,No,No
CUST102836,Female,0,No,No,48,DSL,Month-to-month,75.79,3559.87,Credit card,Yes,Yes,No,Yes
CUST102837,Male,0,Yes,No,52,Fiber optic,Month-to-month,28.47,1462.02,Mailed check,Yes,Yes,No,No
CUST102838,Male,1,Yes,Yes,70,DSL,Two year,64.65,4521.03,Electronic check,Yes,No,No,Yes
CUST102839,Female,0,Yes,Yes,55,DSL,Month-to-month,73.0,4032.96,Electronic check,Yes,No internet,No,No
CUST102840,Male,1,No,No,33,Fiber optic,One year,56.85,1843.11,Bank transfer,Yes,No,No,Yes
CUST102841,Male,0,No,Yes,62,Fiber optic,Two year,102.71,6401.21,Electronic check,No,No,No,No
CUST102842,Male,0,No,No,23,Fiber optic,Month-to-month,103.61,2413.37,Bank transfer,Yes,Yes,No internet,Yes
CUST102843,Female,0,Yes,Yes,15,DSL,Two year,62.44,863.21,Credit card,Yes,No,No internet,No
CUST102844,Male,0,Yes,No,27,Fiber optic,One year,59.69,1548.36,Bank transfer,Yes,No internet,No,No
CUST102845,Male,0,No,No,64,DSL,Month-to-month,68.72,4411.68,Mailed check,Yes,No,Yes,No
CUST102846,Female,1,Yes,No,51,No,Two year,67.0,3533.98,Credit card,No,No,No,No
CUST102847,Female,0,No,No,53,Fiber optic,Month-to-month,57.19,3111.06,Bank transfer,Yes,No,Yes,No
CUST102848,Male,0,Yes,No,51,No,Month-to-month,20.0,974.51,Electronic check,Yes,No,No internet,No
CUST102849,Female,0,Yes,No,47,DSL,One year,115.87,5381.46,Mailed check,Yes,No internet,No internet,No
CUST102850,Female,1,No,No,4,Fiber optic,Month-to-month,72.01,257.55,Bank transfer,No,No,No,Yes
CUST102851,Female,1,No,No,7,Fiber optic,Month-to-month,67.54,595.49,Credit card,No,Yes,No,Yes
CUST102852,Male,0,No,No,35,DSL,Month-to-month,80.13,2803.23,Credit card,No,No,Yes,No
CUST102853,Female,0,Yes,No,48,Fiber optic,One year,70.0,3374.51,Electronic check,Yes,Yes,No internet,No
CUST102854,Female,0,No,No,72,Fiber optic,One year,61.24,4343.25,Electronic check,No,No,No internet,Yes
CUST102855,Female,0,Yes,No,45,Fiber optic,One year,46.86,2110.54,Electronic check,Yes,Yes,Yes,Yes
CUST102856,Male,0,No,Yes,72,DSL,Two year,26.03,1752.58,Bank transfer,No,No internet,Yes,No
CUST102857,Female,0,Yes,No,19,DSL,Month-to-month,38.14,613.72,Credit card,No,No internet,Yes,Yes
CUST102858,Male,1,No,Yes,63,DSL,Month-to-month,44.08,2783.38,Mailed check,No,Yes,No,No
CUST102859,Female,0,No,No,38,Fiber optic,One year,88.27,3372.67,Mailed check,Yes,Yes,Yes,Yes
CUST102860,Male,0,No,Yes,67,DSL,One year,90.12,6004.56,Credit card,No,No,Yes,No
CUST102861,Female,0,No,No,59,No,Month-to-month,49.96,2973.06,Credit card,Yes,No,No,No
CUST102862,Female,0,No,No,69,Fiber optic,Month-to-month,20.0,1276.59,Electronic check,Yes,Yes,No,No
CUST102863,Male,1,Yes,No,13,Fiber optic,Two year,72.23,911.14,Credit card,No,Yes,No internet,Yes
CUST102864,Male,0,No,No,47,No,Two year,61.46,2837.45,Bank transfer,Yes,No,No,No
CUST102865,Female,0,Yes,No,61,DSL,One year,60.84,3704.23,Electronic check,Yes,No,No,No
CUST102866,Female,0,No,Yes,31,DSL,Month-to-month,95.9,2948.51,Mailed check,Yes,Yes,Yes,Yes
CUST102867,Female,1,No,Yes,22,No,Two year,75.47,1841.53,Electronic check,No,No,No,No
CUST102868,Male,0,No,No,43,DSL,Two year,47.59,1970.11,Electronic check,Yes,No internet,Yes,No
CUST102869,Female,0,Yes,Yes,67,Fiber optic,Month-to-month,41.84,2802.89,Bank transfer,Yes,Yes,Yes,Yes
CUST102870,Female,1,No,Yes,54,DSL,Two year,65.43,3756.21,Mailed check,No,No,Yes,No
CUST102871,Female,0,No,No,10,DSL,Two year,49.34,542.28,Mailed check,Yes,Yes,Yes,Yes
CUST102872,Male,0,Yes,Yes,42,No,Two year,70.19,2944.83,Mailed check,Yes,Yes,Yes,No
CUST102873,Female,0,No,No,64,Fiber optic,Two year,97.65,6314.86,Electronic check,No,Yes,No,No
CUST102874,Male,0,Yes,No,21,DSL,One year,37.51,838.14,Bank transfer,Yes,No,Yes,No
CUST102875,Male,0,No,No,66,DSL,One year,74.19,4808.23,Mailed check,Yes,No,No,No
CUST102876,Female,0,No,Yes,41,Fiber optic,Month-to-month,94.88,3766.15,Mailed check,Yes,No,No,No
CUST102877,Male,0,Yes,No,24,Fiber optic,One year,69.85,1684.13,Credit card,No,Yes,No,Yes
CUST102878,Male,0,No,No,35,No,One year,90.04,3113.05,Mailed check,No,Yes,No,Yes
CUST102879,Female,0,No,No,56,Fiber optic,Two year,64.82,3811.83,Bank transfer,Yes,No,No internet,No
CUST102880,Female,0,Yes,No,30,DSL,Month-to-month,76.27,2377.63,Mailed check,Yes,Yes,Yes,No
CUST102881,Female,0,No,No,57,No,One year,83.02,4821.64,Credit card,Yes,Yes,No,No
CUST102882,Male,1,Yes,No,47,Fiber optic,Month-to-month,57.7,2522.29,Credit card,Yes,No,Yes,No
CUST102883,Male,0,Yes,No,35,No,One year,121.77,4214.75,Electronic check,No,No internet,No,No
CUST102884,Male,0,Yes,No,19,DSL,One year,86.44,1641.53,Bank transfer,Yes,Yes,Yes,No
CUST102885,Female,0,No,No,8,DSL,Month-to-month,104.57,777.75,Electronic check,Yes,No,Yes,Yes
CUST102886,Male,0,Yes,Yes,26,Fiber optic,Month-to-month,98.78,2518.27,Credit card,No,Yes,No,Yes
CUST102887,Female,0,No,Yes,71,No,Month-to-month,80.18,5672.22,Mailed check,Yes,No,Yes,No
CUST102888,Female,0,No,No,30,Fiber optic,Month-to-month,106.64,3209.16,Credit card,No,No,No,No
CUST102889,Male,0,Yes,No,7,Fiber optic,One year,76.7,753.4,Electronic check,Yes,No,No,No
CUST102890,Male,0,No,Yes,67,Fiber optic,Month-to-month,53.76,3548.16,Bank transfer,Yes,No,No internet,No
CUST102891,Male,0,No,No,65,Fiber optic,Month-to-month,72.37,4771.7,Credit card,Yes,No,No,No
CUST102892,Female,0,No,Yes,36,Fiber optic,Month-to-month,46.85,1803.69,Credit card,No,Yes,Yes,No
CUST102893,Male,1,Yes,No,25,No,Month-to-month,20.0,420.39,Electronic check,No,Yes,No,No
CUST102894,Female,0,No,No,37,No,One year,50.69,2036.52,Bank transfer,No,No,No,No
CUST102895,Male,0,No,No,1,Fiber optic,Month-to-month,73.82,92.66,Mailed check,Yes,No internet,No internet,Yes
CUST102896,Female,0,Yes,No,15,Fiber optic,Two year,98.55,1278.63,Mailed check,No,,No,No
CUST102897,Male,1,No,No,37,DSL,Month-to-month,50.61,1970.31,Electronic check,Yes,No,No,No
CUST102898,Male,0,No,No,13,Fiber optic,Month-to-month,97.25,1134.85,Electronic check,No,Yes,No,Yes
CUST102899,Female,0,Yes,Yes,8,DSL,Month-to-month,41.73,450.47,Bank transfer,Yes,No,No,No
CUST102900,Male,0,No,No,5,No,One year,49.01,322.92,Electronic check,Yes,Yes,No,No
CUST102901,Male,1,No,No,60,No,One year,108.23,6410.58,Mailed check,Yes,Yes,No,No
CUST102902,Female,0,No,No,1,Fiber optic,Two year,73.19,73.19,Electronic check,Yes,No,Yes,Yes
CUST102903,Male,0,Yes,No,36,Fiber optic,One year,67.66,2490.52,Electronic check,Yes,,No,No
CUST102904,Male,0,No,No,35,Fiber optic,Month-to-month,77.88,2681.4,Bank transfer,Yes,No,Yes,Yes
CUST102905,Female,0,Yes,No,66,Fiber optic,One year,41.84,2900.65,Electronic check,Yes,No,No internet,No
CUST102906,Male,1,Yes,No,63,Fiber optic,Two year,63.73,4088.17,Mailed check,Yes,No,No internet,No
CUST102907,Male,1,No,No,23,No,Month-to-month,72.07,1538.03,Mailed check,No,Yes,No,Yes
CUST102908,Female,0,Yes,No,9,No,Month-to-month,102.78,910.99,Mailed check,Yes,No,No,Yes
CUST102909,Male,0,No,Yes,34,No,One year,30.24,1069.74,Bank transfer,No,Yes,No internet,No
CUST102910,Male,0,No,Yes,46,No,Month-to-month,116.07,5276.85,Mailed check,No,Yes,Yes,No
CUST102911,Female,0,Yes,Yes,4,Fiber optic,Two year,68.88,362.85,Electronic check,Yes,Yes,Yes,No
CUST102912,Male,0,Yes,Yes,30,DSL,Month-to-month,44.24,1376.36,Credit card,Yes,Yes,No,No
CUST102913,Male,0,Yes,No,72,Fiber optic,Month-to-month,39.71,2916.58,Credit card,Yes,No,Yes,No
CUST102914,Male,0,No,Yes,3,Fiber optic,Two year,78.83,211.29,Electronic check,Yes,No internet,No internet,Yes
CUST102915,Female,1,Yes,No,14,DSL,Two year,38.32,454.98,Bank transfer,Yes,Yes,Yes,No
CUST102916,Male,0,Yes,No,60,DSL,Month-to-month,58.0,3577.41,Mailed check,Yes,Yes,No,No
CUST102917,Male,0,No,No,45,DSL,Two year,65.75,3099.58,Electronic check,Yes,Yes,No,No
CUST102918,Female,0,Yes,Yes,34,Fiber optic,Month-to-month,100.59,3502.71,Electronic check,Yes,No,Yes,Yes
CUST102919,Female,0,Yes,No,45,Fiber optic,Month-to-month,97.46,4456.99,Bank transfer,Yes,No,Yes,No
CUST102920,Male,1,No,No,61,Fiber optic,Two year,55.93,3416.73,Electronic check,No,No,Yes,No
CUST102921,Male,0,Yes,Yes,16,Fiber optic,Month-to-month,66.68,1010.2,Credit card,Yes,No,Yes,No
CUST102922,Female,0,Yes,No,66,Fiber optic,Month-to-month,32.12,2179.25,Mailed check,Yes,No,No internet,No
CUST102923,Female,1,Yes,No,40,DSL,Month-to-month,21.02,790.64,Electronic check,Yes,No internet,Yes,No
CUST102924,Female,0,No,No,17,DSL,One year,41.27,781.74,Bank transfer,No,Yes,Yes,Yes
CUST102925,Male,1,Yes,Yes,34,Fiber optic,Month-to-month,100.08,3424.48,Electronic check,Yes,No internet,No,No
CUST102926,Female,0,Yes,Yes,16,DSL,One year,91.5,1345.86,Mailed check,Yes,Yes,No,No
CUST102927,Male,0,No,Yes,60,Fiber optic,One year,81.59,4899.88,Mailed check,Yes,Yes,No,No
CUST102928,Male,0,Yes,No,66,No,Month-to-month,35.56,2247.51,Electronic check,Yes,No,No,No
CUST102929,Male,1,Yes,No,66,Fiber optic,One year,54.21,3466.61,Electronic check,No,No,No internet,No
CUST102930,Female,0,No,No,13,DSL,Two year,50.55,479.91,Electronic check,Yes,No,No,No
CUST102931,Female,0,No,No,56,No,Month-to-month,67.85,3691.72,Electronic check,No,Yes,Yes,No
CUST102932,Female,1,Yes,No,31,No,Month-to-month,66.27,1959.23,Electronic check,Yes,No internet,No,No
CUST102933,Female,0,No,No,34,Fiber optic,Month-to-month,46.95,1698.02,Credit card,Yes,Yes,No,Yes
CUST102934,Male,0,No,Yes,39,DSL,One year,80.73,3194.37,Electronic check,No,Yes,No,No
CUST102935,Male,0,No,Yes,67,Fiber optic,Two year,77.72,5367.17,Electronic check,Yes,Yes,Yes,No
CUST102936,Female,0,No,No,8,Fiber optic,Month-to-month,53.78,414.65,Credit card,No,No,Yes,Yes
CUST102937,Male,0,No,No,55,Fiber optic,Month-to-month,79.61,4274.95,Bank transfer,Yes,No,No,Yes
CUST102938,Female,1,Yes,No,27,No,Month-to-month,100.11,2702.26,Mailed check,No,No,Yes,No
CUST102939,Male,1,Yes,No,53,No,One year,107.7,5674.12,Electronic check,Yes,Yes,Yes,No
CUST102940,Male,0,No,No,39,Fiber optic,Month-to-month,84.27,3320.38,Bank transfer,Yes,Yes,No,No
CUST102941,Female,0,Yes,No,65,DSL,Two year,83.53,5315.53,Electronic check,Yes,Yes,No,No
CUST102942,Male,0,Yes,Yes,17,No,Month-to-month,66.0,1125.82,Bank transfer,Yes,No,No internet,No
CUST102943,Male,0,No,No,30,DSL,One year,97.74,3040.03,Credit card,No,No,No,No
CUST102944,Male,0,Yes,No,53,Fiber optic,Month-to-month,45.24,2506.77,Mailed check,Yes,No,No,Yes
CUST102945,Female,1,No,Yes,13,DSL,One year,94.85,1328.24,Electronic check,No,No internet,Yes,No
CUST102946,Male,0,No,Yes,21,DSL,Month-to-month,64.81,1405.1,Bank transfer,Yes,Yes,No,No
CUST102947,Male,0,No,No,19,Fiber optic,One year,109.27,2151.34,Mailed check,Yes,Yes,Yes,No
CUST102948,Male,0,No,Yes,53,DSL,Month-to-month,86.71,4592.54,Mailed check,No,No,No,No
CUST102949,Female,0,No,No,19,Fiber optic,Month-to-month,70.3,1369.35,Mailed check,No,No,No internet,No
CUST102950,Male,0,No,Yes,57,Fiber optic,Month-to-month,66.09,3756.82,Bank transfer,Yes,No,Yes,No
CUST102951,Female,0,No,No,25,Fiber optic,One year,85.14,2084.75,Bank transfer,No,No internet,No,Yes
CUST102952,Female,0,Yes,No,31,Fiber optic,Month-to-month,83.93,2622.4,Credit card,No,No,No,Yes
CUST102953,Male,0,No,Yes,55,DSL,Month-to-month,62.04,3548.27,Credit card,No,Yes,No,Yes
CUST102954,Male,0,Yes,No,23,Fiber optic,Two year,74.3,1731.2,Electronic check,No,Yes,Yes,Yes
CUST102955,Male,0,Yes,No,32,DSL,Two year,94.41,3059.77,Bank transfer,No,No,Yes,No
CUST102956,Male,0,Yes,Yes,62,Fiber optic,Month-to-month,37.92,2413.23,Electronic check,Yes,No,Yes,No
CUST102957,Male,0,Yes,No,10,DSL,One year,90.15,927.3,Credit card,No,Yes,Yes,No
CUST102958,Male,0,Yes,No,72,No,Month-to-month,85.03,6104.55,Electronic check,Yes,Yes,No,No
CUST102959,Female,1,Yes,Yes,54,DSL,One year,101.67,5552.65,Mailed check,Yes,No,No,Yes
CUST102960,Male,0,Yes,Yes,52,No,Two year,54.11,2755.11,Credit card,Yes,No,No,No
CUST102961,Male,0,No,Yes,20,DSL,Month-to-month,72.14,1536.93,Electronic check,No,Yes,No,No
CUST102962,Female,0,No,Yes,32,Fiber optic,One year,77.13,2568.97,Credit card,Yes,No,Yes,No
CUST102963,Male,0,Yes,Yes,14,No,Month-to-month,90.47,1262.8,Bank transfer,No,Yes,No,No
CUST102964,Male,0,Yes,Yes,50,No,One year,82.73,4083.54,Mailed check,Yes,No internet,No,No
CUST102965,Female,0,No,No,28,No,One year,41.01,1319.03,Mailed check,Yes,Yes,Yes,No
CUST102966,Female,1,No,No,53,DSL,Two year,79.28,4145.7,Credit card,Yes,No,No internet,No
CUST102967,Male,0,No,No,24,DSL,Month-to-month,122.11,2907.06,Electronic check,Yes,No,Yes,No
CUST102968,Female,0,No,No,22,Fiber optic,Month-to-month,87.29,1759.63,Bank transfer,No,Yes,No,No
CUST102969,Female,0,Yes,No,30,DSL,Month-to-month,112.95,3498.52,Bank transfer,Yes,No,Yes,No
CUST102970,Female,0,No,Yes,63,Fiber optic,Two year,98.08,6064.19,Credit card,No,Yes,No,No
CUST102971,Female,0,No,No,4,Fiber optic,One year,106.06,463.25,Bank transfer,Yes,No,No internet,Yes
CUST102972,Male,0,No,Yes,59,DSL,One year,79.75,4729.59,Bank transfer,No,No,No internet,No
CUST102973,Female,0,No,No,8,Fiber optic,Month-to-month,85.05,674.15,Credit card,No,Yes,Yes,Yes
CUST102974,Male,0,No,No,12,Fiber optic,Two year,78.39,897.31,Credit card,Yes,Yes,No internet,Yes
CUST102975,Male,0,Yes,No,31,DSL,Two year,72.11,2270.66,Bank transfer,Yes,No,Yes,No
CUST102976,Female,0,Yes,Yes,34,No,One year,90.55,3218.12,Electronic check,Yes,Yes,No internet,No
CUST102977,Male,0,Yes,No,49,DSL,Month-to-month,58.97,2869.3,Mailed check,Yes,No,No,Yes
CUST102978,Female,0,Yes,No,57,DSL,Month-to-month,119.13,6657.96,Bank transfer,Yes,Yes,No,No
CUST102979,Female,0,Yes,No,26,No,One year,48.8,1123.89,Mailed check,No,No internet,No internet,No
CUST102980,Female,1,Yes,No,18,Fiber optic,One year,92.28,1645.98,Electronic check,No,No,No,No
CUST102981,Female,0,Yes,No,38,DSL,Month-to-month,106.47,4009.35,Electronic check,Yes,No,Yes,No
CUST102982,Male,0,Yes,No,50,Fiber optic,One year,67.58,3365.31,Bank transfer,No,Yes,Yes,No
CUST102983,Male,0,Yes,Yes,8,Fiber optic,Month-to-month,44.18,376.32,Electronic check,Yes,Yes,No internet,No
CUST102984,Female,0,Yes,No,41,DSL,One year,100.89,4097.8,Electronic check,Yes,Yes,No,No
CUST102985,Female,0,No,No,6,DSL,Month-to-month,77.08,683.29,Mailed check,Yes,Yes,Yes,Yes
CUST102986,Male,0,No,Yes,69,Fiber optic,Month-to-month,92.33,6401.37,Credit card,Yes,No,Yes,No
CUST102987,Male,1,Yes,Yes,44,Fiber optic,Month-to-month,69.26,3119.6,Mailed check,Yes,No,Yes,Yes
CUST102988,Female,1,Yes,Yes,64,DSL,Month-to-month,115.3,7366.69,Electronic check,Yes,No,Yes,Yes
CUST102989,Female,0,Yes,No,29,DSL,Month-to-month,20.0,568.03,Electronic check,No,No,Yes,No
CUST102990,Female,0,Yes,Yes,28,DSL,Two year,81.4,2231.7,Mailed check,No,Yes,No,No
CUST102991,Male,0,Yes,No,11,Fiber optic,Month-to-month,105.54,1166.96,Credit card,No,Yes,Yes,Yes
CUST102992,Female,0,No,No,65,DSL,Month-to-month,74.63,4729.04,Bank transfer,Yes,No internet,Yes,No
CUST102993,Female,0,No,No,19,Fiber optic,Month-to-month,79.56,1383.11,Electronic check,Yes,No,No,Yes
CUST102994,Male,0,No,No,9,Fiber optic,Month-to-month,61.15,500.74,Mailed check,Yes,No,Yes,Yes
CUST102995,Female,0,No,No,27,DSL,Month-to-month,72.52,1882.33,Credit card,No,Yes,No,Yes
CUST102996,Female,0,Yes,Yes,34,DSL,Month-to-month,30.2,977.22,Electronic check,Yes,No,Yes,No
CUST102997,Male,0,No,Yes,44,Fiber optic,One year,54.04,2350.84,Mailed check,Yes,Yes,No,No
CUST102998,Male,1,No,Yes,68,Fiber optic,Month-to-month,52.33,3535.32,Mailed check,Yes,No internet,No,No
CUST102999,Male,0,No,No,15,DSL,One year,88.73,1395.96,Electronic check,No,No,Yes,No
